frame,time,type,name,concentration
0,0.0,topo,topoI,0.25
0,0.0,topo,gyrase,0.25
0,0.0,RNAP,RNAP,1.0
1,0.25,topo,topoI,0.25
1,0.25,topo,gyrase,0.25
1,0.25,RNAP,RNAP,1.0
2,0.5,topo,topoI,0.25
2,0.5,topo,gyrase,0.25
2,0.5,RNAP,RNAP,1.0
3,0.75,topo,topoI,0.25
3,0.75,topo,gyrase,0.25
3,0.75,RNAP,RNAP,1.0
4,1.0,topo,topoI,0.25
4,1.0,topo,gyrase,0.25
4,1.0,RNAP,RNAP,1.0
5,1.25,topo,topoI,0.25
5,1.25,topo,gyrase,0.25
5,1.25,RNAP,RNAP,1.0
6,1.5,topo,topoI,0.25
6,1.5,topo,gyrase,0.25
6,1.5,RNAP,RNAP,1.0
7,1.75,topo,topoI,0.25
7,1.75,topo,gyrase,0.25
7,1.75,RNAP,RNAP,1.0
8,2.0,topo,topoI,0.25
8,2.0,topo,gyrase,0.25
8,2.0,RNAP,RNAP,1.0
9,2.25,topo,topoI,0.25
9,2.25,topo,gyrase,0.25
9,2.25,RNAP,RNAP,1.0
10,2.5,topo,topoI,0.25
10,2.5,topo,gyrase,0.25
10,2.5,RNAP,RNAP,1.0
11,2.75,topo,topoI,0.25
11,2.75,topo,gyrase,0.25
11,2.75,RNAP,RNAP,1.0
12,3.0,topo,topoI,0.25
12,3.0,topo,gyrase,0.25
12,3.0,RNAP,RNAP,1.0
13,3.25,topo,topoI,0.25
13,3.25,topo,gyrase,0.25
13,3.25,RNAP,RNAP,1.0
14,3.5,topo,topoI,0.25
14,3.5,topo,gyrase,0.25
14,3.5,RNAP,RNAP,1.0
15,3.75,topo,topoI,0.25
15,3.75,topo,gyrase,0.25
15,3.75,RNAP,RNAP,1.0
16,4.0,topo,topoI,0.25
16,4.0,topo,gyrase,0.25
16,4.0,RNAP,RNAP,1.0
17,4.25,topo,topoI,0.25
17,4.25,topo,gyrase,0.25
17,4.25,RNAP,RNAP,1.0
18,4.5,topo,topoI,0.25
18,4.5,topo,gyrase,0.25
18,4.5,RNAP,RNAP,1.0
19,4.75,topo,topoI,0.25
19,4.75,topo,gyrase,0.25
19,4.75,RNAP,RNAP,1.0
20,5.0,topo,topoI,0.25
20,5.0,topo,gyrase,0.25
20,5.0,RNAP,RNAP,1.0
21,5.25,topo,topoI,0.25
21,5.25,topo,gyrase,0.25
21,5.25,RNAP,RNAP,1.0
22,5.5,topo,topoI,0.25
22,5.5,topo,gyrase,0.25
22,5.5,RNAP,RNAP,1.0
23,5.75,topo,topoI,0.25
23,5.75,topo,gyrase,0.25
23,5.75,RNAP,RNAP,1.0
24,6.0,topo,topoI,0.25
24,6.0,topo,gyrase,0.25
24,6.0,RNAP,RNAP,1.0
25,6.25,topo,topoI,0.25
25,6.25,topo,gyrase,0.25
25,6.25,RNAP,RNAP,1.0
26,6.5,topo,topoI,0.25
26,6.5,topo,gyrase,0.25
26,6.5,RNAP,RNAP,1.0
27,6.75,topo,topoI,0.25
27,6.75,topo,gyrase,0.25
27,6.75,RNAP,RNAP,1.0
28,7.0,topo,topoI,0.25
28,7.0,topo,gyrase,0.25
28,7.0,RNAP,RNAP,1.0
29,7.25,topo,topoI,0.25
29,7.25,topo,gyrase,0.25
29,7.25,RNAP,RNAP,1.0
30,7.5,topo,topoI,0.25
30,7.5,topo,gyrase,0.25
30,7.5,RNAP,RNAP,1.0
31,7.75,topo,topoI,0.25
31,7.75,topo,gyrase,0.25
31,7.75,RNAP,RNAP,1.0
32,8.0,topo,topoI,0.25
32,8.0,topo,gyrase,0.25
32,8.0,RNAP,RNAP,1.0
33,8.25,topo,topoI,0.25
33,8.25,topo,gyrase,0.25
33,8.25,RNAP,RNAP,1.0
34,8.5,topo,topoI,0.25
34,8.5,topo,gyrase,0.25
34,8.5,RNAP,RNAP,1.0
35,8.75,topo,topoI,0.25
35,8.75,topo,gyrase,0.25
35,8.75,RNAP,RNAP,1.0
36,9.0,topo,topoI,0.25
36,9.0,topo,gyrase,0.25
36,9.0,RNAP,RNAP,1.0
37,9.25,topo,topoI,0.25
37,9.25,topo,gyrase,0.25
37,9.25,RNAP,RNAP,1.0
38,9.5,topo,topoI,0.25
38,9.5,topo,gyrase,0.25
38,9.5,RNAP,RNAP,1.0
39,9.75,topo,topoI,0.25
39,9.75,topo,gyrase,0.25
39,9.75,RNAP,RNAP,1.0
40,10.0,topo,topoI,0.25
40,10.0,topo,gyrase,0.25
40,10.0,RNAP,RNAP,1.0
41,10.25,topo,topoI,0.25
41,10.25,topo,gyrase,0.25
41,10.25,RNAP,RNAP,1.0
42,10.5,topo,topoI,0.25
42,10.5,topo,gyrase,0.25
42,10.5,RNAP,RNAP,1.0
43,10.75,topo,topoI,0.25
43,10.75,topo,gyrase,0.25
43,10.75,RNAP,RNAP,1.0
44,11.0,topo,topoI,0.25
44,11.0,topo,gyrase,0.25
44,11.0,RNAP,RNAP,1.0
45,11.25,topo,topoI,0.25
45,11.25,topo,gyrase,0.25
45,11.25,RNAP,RNAP,1.0
46,11.5,topo,topoI,0.25
46,11.5,topo,gyrase,0.25
46,11.5,RNAP,RNAP,1.0
47,11.75,topo,topoI,0.25
47,11.75,topo,gyrase,0.25
47,11.75,RNAP,RNAP,1.0
48,12.0,topo,topoI,0.25
48,12.0,topo,gyrase,0.25
48,12.0,RNAP,RNAP,1.0
49,12.25,topo,topoI,0.25
49,12.25,topo,gyrase,0.25
49,12.25,RNAP,RNAP,1.0
50,12.5,topo,topoI,0.25
50,12.5,topo,gyrase,0.25
50,12.5,RNAP,RNAP,1.0
51,12.75,topo,topoI,0.25
51,12.75,topo,gyrase,0.25
51,12.75,RNAP,RNAP,1.0
52,13.0,topo,topoI,0.25
52,13.0,topo,gyrase,0.25
52,13.0,RNAP,RNAP,1.0
53,13.25,topo,topoI,0.25
53,13.25,topo,gyrase,0.25
53,13.25,RNAP,RNAP,1.0
54,13.5,topo,topoI,0.25
54,13.5,topo,gyrase,0.25
54,13.5,RNAP,RNAP,1.0
55,13.75,topo,topoI,0.25
55,13.75,topo,gyrase,0.25
55,13.75,RNAP,RNAP,1.0
56,14.0,topo,topoI,0.25
56,14.0,topo,gyrase,0.25
56,14.0,RNAP,RNAP,1.0
57,14.25,topo,topoI,0.25
57,14.25,topo,gyrase,0.25
57,14.25,RNAP,RNAP,1.0
58,14.5,topo,topoI,0.25
58,14.5,topo,gyrase,0.25
58,14.5,RNAP,RNAP,1.0
59,14.75,topo,topoI,0.25
59,14.75,topo,gyrase,0.25
59,14.75,RNAP,RNAP,1.0
60,15.0,topo,topoI,0.25
60,15.0,topo,gyrase,0.25
60,15.0,RNAP,RNAP,1.0
61,15.25,topo,topoI,0.25
61,15.25,topo,gyrase,0.25
61,15.25,RNAP,RNAP,1.0
62,15.5,topo,topoI,0.25
62,15.5,topo,gyrase,0.25
62,15.5,RNAP,RNAP,1.0
63,15.75,topo,topoI,0.25
63,15.75,topo,gyrase,0.25
63,15.75,RNAP,RNAP,1.0
64,16.0,topo,topoI,0.25
64,16.0,topo,gyrase,0.25
64,16.0,RNAP,RNAP,1.0
65,16.25,topo,topoI,0.25
65,16.25,topo,gyrase,0.25
65,16.25,RNAP,RNAP,1.0
66,16.5,topo,topoI,0.25
66,16.5,topo,gyrase,0.25
66,16.5,RNAP,RNAP,1.0
67,16.75,topo,topoI,0.25
67,16.75,topo,gyrase,0.25
67,16.75,RNAP,RNAP,1.0
68,17.0,topo,topoI,0.25
68,17.0,topo,gyrase,0.25
68,17.0,RNAP,RNAP,1.0
69,17.25,topo,topoI,0.25
69,17.25,topo,gyrase,0.25
69,17.25,RNAP,RNAP,1.0
70,17.5,topo,topoI,0.25
70,17.5,topo,gyrase,0.25
70,17.5,RNAP,RNAP,1.0
71,17.75,topo,topoI,0.25
71,17.75,topo,gyrase,0.25
71,17.75,RNAP,RNAP,1.0
72,18.0,topo,topoI,0.25
72,18.0,topo,gyrase,0.25
72,18.0,RNAP,RNAP,1.0
73,18.25,topo,topoI,0.25
73,18.25,topo,gyrase,0.25
73,18.25,RNAP,RNAP,1.0
74,18.5,topo,topoI,0.25
74,18.5,topo,gyrase,0.25
74,18.5,RNAP,RNAP,1.0
75,18.75,topo,topoI,0.25
75,18.75,topo,gyrase,0.25
75,18.75,RNAP,RNAP,1.0
76,19.0,topo,topoI,0.25
76,19.0,topo,gyrase,0.25
76,19.0,RNAP,RNAP,1.0
77,19.25,topo,topoI,0.25
77,19.25,topo,gyrase,0.25
77,19.25,RNAP,RNAP,1.0
78,19.5,topo,topoI,0.25
78,19.5,topo,gyrase,0.25
78,19.5,RNAP,RNAP,1.0
79,19.75,topo,topoI,0.25
79,19.75,topo,gyrase,0.25
79,19.75,RNAP,RNAP,1.0
80,20.0,topo,topoI,0.25
80,20.0,topo,gyrase,0.25
80,20.0,RNAP,RNAP,1.0
81,20.25,topo,topoI,0.25
81,20.25,topo,gyrase,0.25
81,20.25,RNAP,RNAP,1.0
82,20.5,topo,topoI,0.25
82,20.5,topo,gyrase,0.25
82,20.5,RNAP,RNAP,1.0
83,20.75,topo,topoI,0.25
83,20.75,topo,gyrase,0.25
83,20.75,RNAP,RNAP,1.0
84,21.0,topo,topoI,0.25
84,21.0,topo,gyrase,0.25
84,21.0,RNAP,RNAP,1.0
85,21.25,topo,topoI,0.25
85,21.25,topo,gyrase,0.25
85,21.25,RNAP,RNAP,1.0
86,21.5,topo,topoI,0.25
86,21.5,topo,gyrase,0.25
86,21.5,RNAP,RNAP,1.0
87,21.75,topo,topoI,0.25
87,21.75,topo,gyrase,0.25
87,21.75,RNAP,RNAP,1.0
88,22.0,topo,topoI,0.25
88,22.0,topo,gyrase,0.25
88,22.0,RNAP,RNAP,1.0
89,22.25,topo,topoI,0.25
89,22.25,topo,gyrase,0.25
89,22.25,RNAP,RNAP,1.0
90,22.5,topo,topoI,0.25
90,22.5,topo,gyrase,0.25
90,22.5,RNAP,RNAP,1.0
91,22.75,topo,topoI,0.25
91,22.75,topo,gyrase,0.25
91,22.75,RNAP,RNAP,1.0
92,23.0,topo,topoI,0.25
92,23.0,topo,gyrase,0.25
92,23.0,RNAP,RNAP,1.0
93,23.25,topo,topoI,0.25
93,23.25,topo,gyrase,0.25
93,23.25,RNAP,RNAP,1.0
94,23.5,topo,topoI,0.25
94,23.5,topo,gyrase,0.25
94,23.5,RNAP,RNAP,1.0
95,23.75,topo,topoI,0.25
95,23.75,topo,gyrase,0.25
95,23.75,RNAP,RNAP,1.0
96,24.0,topo,topoI,0.25
96,24.0,topo,gyrase,0.25
96,24.0,RNAP,RNAP,1.0
97,24.25,topo,topoI,0.25
97,24.25,topo,gyrase,0.25
97,24.25,RNAP,RNAP,1.0
98,24.5,topo,topoI,0.25
98,24.5,topo,gyrase,0.25
98,24.5,RNAP,RNAP,1.0
99,24.75,topo,topoI,0.25
99,24.75,topo,gyrase,0.25
99,24.75,RNAP,RNAP,1.0
100,25.0,topo,topoI,0.25
100,25.0,topo,gyrase,0.25
100,25.0,RNAP,RNAP,1.0
101,25.25,topo,topoI,0.25
101,25.25,topo,gyrase,0.25
101,25.25,RNAP,RNAP,1.0
102,25.5,topo,topoI,0.25
102,25.5,topo,gyrase,0.25
102,25.5,RNAP,RNAP,1.0
103,25.75,topo,topoI,0.25
103,25.75,topo,gyrase,0.25
103,25.75,RNAP,RNAP,1.0
104,26.0,topo,topoI,0.25
104,26.0,topo,gyrase,0.25
104,26.0,RNAP,RNAP,1.0
105,26.25,topo,topoI,0.25
105,26.25,topo,gyrase,0.25
105,26.25,RNAP,RNAP,1.0
106,26.5,topo,topoI,0.25
106,26.5,topo,gyrase,0.25
106,26.5,RNAP,RNAP,1.0
107,26.75,topo,topoI,0.25
107,26.75,topo,gyrase,0.25
107,26.75,RNAP,RNAP,1.0
108,27.0,topo,topoI,0.25
108,27.0,topo,gyrase,0.25
108,27.0,RNAP,RNAP,1.0
109,27.25,topo,topoI,0.25
109,27.25,topo,gyrase,0.25
109,27.25,RNAP,RNAP,1.0
110,27.5,topo,topoI,0.25
110,27.5,topo,gyrase,0.25
110,27.5,RNAP,RNAP,1.0
111,27.75,topo,topoI,0.25
111,27.75,topo,gyrase,0.25
111,27.75,RNAP,RNAP,1.0
112,28.0,topo,topoI,0.25
112,28.0,topo,gyrase,0.25
112,28.0,RNAP,RNAP,1.0
113,28.25,topo,topoI,0.25
113,28.25,topo,gyrase,0.25
113,28.25,RNAP,RNAP,1.0
114,28.5,topo,topoI,0.25
114,28.5,topo,gyrase,0.25
114,28.5,RNAP,RNAP,1.0
115,28.75,topo,topoI,0.25
115,28.75,topo,gyrase,0.25
115,28.75,RNAP,RNAP,1.0
116,29.0,topo,topoI,0.25
116,29.0,topo,gyrase,0.25
116,29.0,RNAP,RNAP,1.0
117,29.25,topo,topoI,0.25
117,29.25,topo,gyrase,0.25
117,29.25,RNAP,RNAP,1.0
118,29.5,topo,topoI,0.25
118,29.5,topo,gyrase,0.25
118,29.5,RNAP,RNAP,1.0
119,29.75,topo,topoI,0.25
119,29.75,topo,gyrase,0.25
119,29.75,RNAP,RNAP,1.0
120,30.0,topo,topoI,0.25
120,30.0,topo,gyrase,0.25
120,30.0,RNAP,RNAP,1.0
121,30.25,topo,topoI,0.25
121,30.25,topo,gyrase,0.25
121,30.25,RNAP,RNAP,1.0
122,30.5,topo,topoI,0.25
122,30.5,topo,gyrase,0.25
122,30.5,RNAP,RNAP,1.0
123,30.75,topo,topoI,0.25
123,30.75,topo,gyrase,0.25
123,30.75,RNAP,RNAP,1.0
124,31.0,topo,topoI,0.25
124,31.0,topo,gyrase,0.25
124,31.0,RNAP,RNAP,1.0
125,31.25,topo,topoI,0.25
125,31.25,topo,gyrase,0.25
125,31.25,RNAP,RNAP,1.0
126,31.5,topo,topoI,0.25
126,31.5,topo,gyrase,0.25
126,31.5,RNAP,RNAP,1.0
127,31.75,topo,topoI,0.25
127,31.75,topo,gyrase,0.25
127,31.75,RNAP,RNAP,1.0
128,32.0,topo,topoI,0.25
128,32.0,topo,gyrase,0.25
128,32.0,RNAP,RNAP,1.0
129,32.25,topo,topoI,0.25
129,32.25,topo,gyrase,0.25
129,32.25,RNAP,RNAP,1.0
130,32.5,topo,topoI,0.25
130,32.5,topo,gyrase,0.25
130,32.5,RNAP,RNAP,1.0
131,32.75,topo,topoI,0.25
131,32.75,topo,gyrase,0.25
131,32.75,RNAP,RNAP,1.0
132,33.0,topo,topoI,0.25
132,33.0,topo,gyrase,0.25
132,33.0,RNAP,RNAP,1.0
133,33.25,topo,topoI,0.25
133,33.25,topo,gyrase,0.25
133,33.25,RNAP,RNAP,1.0
134,33.5,topo,topoI,0.25
134,33.5,topo,gyrase,0.25
134,33.5,RNAP,RNAP,1.0
135,33.75,topo,topoI,0.25
135,33.75,topo,gyrase,0.25
135,33.75,RNAP,RNAP,1.0
136,34.0,topo,topoI,0.25
136,34.0,topo,gyrase,0.25
136,34.0,RNAP,RNAP,1.0
137,34.25,topo,topoI,0.25
137,34.25,topo,gyrase,0.25
137,34.25,RNAP,RNAP,1.0
138,34.5,topo,topoI,0.25
138,34.5,topo,gyrase,0.25
138,34.5,RNAP,RNAP,1.0
139,34.75,topo,topoI,0.25
139,34.75,topo,gyrase,0.25
139,34.75,RNAP,RNAP,1.0
140,35.0,topo,topoI,0.25
140,35.0,topo,gyrase,0.25
140,35.0,RNAP,RNAP,1.0
141,35.25,topo,topoI,0.25
141,35.25,topo,gyrase,0.25
141,35.25,RNAP,RNAP,1.0
142,35.5,topo,topoI,0.25
142,35.5,topo,gyrase,0.25
142,35.5,RNAP,RNAP,1.0
143,35.75,topo,topoI,0.25
143,35.75,topo,gyrase,0.25
143,35.75,RNAP,RNAP,1.0
144,36.0,topo,topoI,0.25
144,36.0,topo,gyrase,0.25
144,36.0,RNAP,RNAP,1.0
145,36.25,topo,topoI,0.25
145,36.25,topo,gyrase,0.25
145,36.25,RNAP,RNAP,1.0
146,36.5,topo,topoI,0.25
146,36.5,topo,gyrase,0.25
146,36.5,RNAP,RNAP,1.0
147,36.75,topo,topoI,0.25
147,36.75,topo,gyrase,0.25
147,36.75,RNAP,RNAP,1.0
148,37.0,topo,topoI,0.25
148,37.0,topo,gyrase,0.25
148,37.0,RNAP,RNAP,1.0
149,37.25,topo,topoI,0.25
149,37.25,topo,gyrase,0.25
149,37.25,RNAP,RNAP,1.0
150,37.5,topo,topoI,0.25
150,37.5,topo,gyrase,0.25
150,37.5,RNAP,RNAP,1.0
151,37.75,topo,topoI,0.25
151,37.75,topo,gyrase,0.25
151,37.75,RNAP,RNAP,1.0
152,38.0,topo,topoI,0.25
152,38.0,topo,gyrase,0.25
152,38.0,RNAP,RNAP,1.0
153,38.25,topo,topoI,0.25
153,38.25,topo,gyrase,0.25
153,38.25,RNAP,RNAP,1.0
154,38.5,topo,topoI,0.25
154,38.5,topo,gyrase,0.25
154,38.5,RNAP,RNAP,1.0
155,38.75,topo,topoI,0.25
155,38.75,topo,gyrase,0.25
155,38.75,RNAP,RNAP,1.0
156,39.0,topo,topoI,0.25
156,39.0,topo,gyrase,0.25
156,39.0,RNAP,RNAP,1.0
157,39.25,topo,topoI,0.25
157,39.25,topo,gyrase,0.25
157,39.25,RNAP,RNAP,1.0
158,39.5,topo,topoI,0.25
158,39.5,topo,gyrase,0.25
158,39.5,RNAP,RNAP,1.0
159,39.75,topo,topoI,0.25
159,39.75,topo,gyrase,0.25
159,39.75,RNAP,RNAP,1.0
160,40.0,topo,topoI,0.25
160,40.0,topo,gyrase,0.25
160,40.0,RNAP,RNAP,1.0
161,40.25,topo,topoI,0.25
161,40.25,topo,gyrase,0.25
161,40.25,RNAP,RNAP,1.0
162,40.5,topo,topoI,0.25
162,40.5,topo,gyrase,0.25
162,40.5,RNAP,RNAP,1.0
163,40.75,topo,topoI,0.25
163,40.75,topo,gyrase,0.25
163,40.75,RNAP,RNAP,1.0
164,41.0,topo,topoI,0.25
164,41.0,topo,gyrase,0.25
164,41.0,RNAP,RNAP,1.0
165,41.25,topo,topoI,0.25
165,41.25,topo,gyrase,0.25
165,41.25,RNAP,RNAP,1.0
166,41.5,topo,topoI,0.25
166,41.5,topo,gyrase,0.25
166,41.5,RNAP,RNAP,1.0
167,41.75,topo,topoI,0.25
167,41.75,topo,gyrase,0.25
167,41.75,RNAP,RNAP,1.0
168,42.0,topo,topoI,0.25
168,42.0,topo,gyrase,0.25
168,42.0,RNAP,RNAP,1.0
169,42.25,topo,topoI,0.25
169,42.25,topo,gyrase,0.25
169,42.25,RNAP,RNAP,1.0
170,42.5,topo,topoI,0.25
170,42.5,topo,gyrase,0.25
170,42.5,RNAP,RNAP,1.0
171,42.75,topo,topoI,0.25
171,42.75,topo,gyrase,0.25
171,42.75,RNAP,RNAP,1.0
172,43.0,topo,topoI,0.25
172,43.0,topo,gyrase,0.25
172,43.0,RNAP,RNAP,1.0
173,43.25,topo,topoI,0.25
173,43.25,topo,gyrase,0.25
173,43.25,RNAP,RNAP,1.0
174,43.5,topo,topoI,0.25
174,43.5,topo,gyrase,0.25
174,43.5,RNAP,RNAP,1.0
175,43.75,topo,topoI,0.25
175,43.75,topo,gyrase,0.25
175,43.75,RNAP,RNAP,1.0
176,44.0,topo,topoI,0.25
176,44.0,topo,gyrase,0.25
176,44.0,RNAP,RNAP,1.0
177,44.25,topo,topoI,0.25
177,44.25,topo,gyrase,0.25
177,44.25,RNAP,RNAP,1.0
178,44.5,topo,topoI,0.25
178,44.5,topo,gyrase,0.25
178,44.5,RNAP,RNAP,1.0
179,44.75,topo,topoI,0.25
179,44.75,topo,gyrase,0.25
179,44.75,RNAP,RNAP,1.0
180,45.0,topo,topoI,0.25
180,45.0,topo,gyrase,0.25
180,45.0,RNAP,RNAP,1.0
181,45.25,topo,topoI,0.25
181,45.25,topo,gyrase,0.25
181,45.25,RNAP,RNAP,1.0
182,45.5,topo,topoI,0.25
182,45.5,topo,gyrase,0.25
182,45.5,RNAP,RNAP,1.0
183,45.75,topo,topoI,0.25
183,45.75,topo,gyrase,0.25
183,45.75,RNAP,RNAP,1.0
184,46.0,topo,topoI,0.25
184,46.0,topo,gyrase,0.25
184,46.0,RNAP,RNAP,1.0
185,46.25,topo,topoI,0.25
185,46.25,topo,gyrase,0.25
185,46.25,RNAP,RNAP,1.0
186,46.5,topo,topoI,0.25
186,46.5,topo,gyrase,0.25
186,46.5,RNAP,RNAP,1.0
187,46.75,topo,topoI,0.25
187,46.75,topo,gyrase,0.25
187,46.75,RNAP,RNAP,1.0
188,47.0,topo,topoI,0.25
188,47.0,topo,gyrase,0.25
188,47.0,RNAP,RNAP,1.0
189,47.25,topo,topoI,0.25
189,47.25,topo,gyrase,0.25
189,47.25,RNAP,RNAP,1.0
190,47.5,topo,topoI,0.25
190,47.5,topo,gyrase,0.25
190,47.5,RNAP,RNAP,1.0
191,47.75,topo,topoI,0.25
191,47.75,topo,gyrase,0.25
191,47.75,RNAP,RNAP,1.0
192,48.0,topo,topoI,0.25
192,48.0,topo,gyrase,0.25
192,48.0,RNAP,RNAP,1.0
193,48.25,topo,topoI,0.25
193,48.25,topo,gyrase,0.25
193,48.25,RNAP,RNAP,1.0
194,48.5,topo,topoI,0.25
194,48.5,topo,gyrase,0.25
194,48.5,RNAP,RNAP,1.0
195,48.75,topo,topoI,0.25
195,48.75,topo,gyrase,0.25
195,48.75,RNAP,RNAP,1.0
196,49.0,topo,topoI,0.25
196,49.0,topo,gyrase,0.25
196,49.0,RNAP,RNAP,1.0
197,49.25,topo,topoI,0.25
197,49.25,topo,gyrase,0.25
197,49.25,RNAP,RNAP,1.0
198,49.5,topo,topoI,0.25
198,49.5,topo,gyrase,0.25
198,49.5,RNAP,RNAP,1.0
199,49.75,topo,topoI,0.25
199,49.75,topo,gyrase,0.25
199,49.75,RNAP,RNAP,1.0
200,50.0,topo,topoI,0.25
200,50.0,topo,gyrase,0.25
200,50.0,RNAP,RNAP,1.0
201,50.25,topo,topoI,0.25
201,50.25,topo,gyrase,0.25
201,50.25,RNAP,RNAP,1.0
202,50.5,topo,topoI,0.25
202,50.5,topo,gyrase,0.25
202,50.5,RNAP,RNAP,1.0
203,50.75,topo,topoI,0.25
203,50.75,topo,gyrase,0.25
203,50.75,RNAP,RNAP,1.0
204,51.0,topo,topoI,0.25
204,51.0,topo,gyrase,0.25
204,51.0,RNAP,RNAP,1.0
205,51.25,topo,topoI,0.25
205,51.25,topo,gyrase,0.25
205,51.25,RNAP,RNAP,1.0
206,51.5,topo,topoI,0.25
206,51.5,topo,gyrase,0.25
206,51.5,RNAP,RNAP,1.0
207,51.75,topo,topoI,0.25
207,51.75,topo,gyrase,0.25
207,51.75,RNAP,RNAP,1.0
208,52.0,topo,topoI,0.25
208,52.0,topo,gyrase,0.25
208,52.0,RNAP,RNAP,1.0
209,52.25,topo,topoI,0.25
209,52.25,topo,gyrase,0.25
209,52.25,RNAP,RNAP,1.0
210,52.5,topo,topoI,0.25
210,52.5,topo,gyrase,0.25
210,52.5,RNAP,RNAP,1.0
211,52.75,topo,topoI,0.25
211,52.75,topo,gyrase,0.25
211,52.75,RNAP,RNAP,1.0
212,53.0,topo,topoI,0.25
212,53.0,topo,gyrase,0.25
212,53.0,RNAP,RNAP,1.0
213,53.25,topo,topoI,0.25
213,53.25,topo,gyrase,0.25
213,53.25,RNAP,RNAP,1.0
214,53.5,topo,topoI,0.25
214,53.5,topo,gyrase,0.25
214,53.5,RNAP,RNAP,1.0
215,53.75,topo,topoI,0.25
215,53.75,topo,gyrase,0.25
215,53.75,RNAP,RNAP,1.0
216,54.0,topo,topoI,0.25
216,54.0,topo,gyrase,0.25
216,54.0,RNAP,RNAP,1.0
217,54.25,topo,topoI,0.25
217,54.25,topo,gyrase,0.25
217,54.25,RNAP,RNAP,1.0
218,54.5,topo,topoI,0.25
218,54.5,topo,gyrase,0.25
218,54.5,RNAP,RNAP,1.0
219,54.75,topo,topoI,0.25
219,54.75,topo,gyrase,0.25
219,54.75,RNAP,RNAP,1.0
220,55.0,topo,topoI,0.25
220,55.0,topo,gyrase,0.25
220,55.0,RNAP,RNAP,1.0
221,55.25,topo,topoI,0.25
221,55.25,topo,gyrase,0.25
221,55.25,RNAP,RNAP,1.0
222,55.5,topo,topoI,0.25
222,55.5,topo,gyrase,0.25
222,55.5,RNAP,RNAP,1.0
223,55.75,topo,topoI,0.25
223,55.75,topo,gyrase,0.25
223,55.75,RNAP,RNAP,1.0
224,56.0,topo,topoI,0.25
224,56.0,topo,gyrase,0.25
224,56.0,RNAP,RNAP,1.0
225,56.25,topo,topoI,0.25
225,56.25,topo,gyrase,0.25
225,56.25,RNAP,RNAP,1.0
226,56.5,topo,topoI,0.25
226,56.5,topo,gyrase,0.25
226,56.5,RNAP,RNAP,1.0
227,56.75,topo,topoI,0.25
227,56.75,topo,gyrase,0.25
227,56.75,RNAP,RNAP,1.0
228,57.0,topo,topoI,0.25
228,57.0,topo,gyrase,0.25
228,57.0,RNAP,RNAP,1.0
229,57.25,topo,topoI,0.25
229,57.25,topo,gyrase,0.25
229,57.25,RNAP,RNAP,1.0
230,57.5,topo,topoI,0.25
230,57.5,topo,gyrase,0.25
230,57.5,RNAP,RNAP,1.0
231,57.75,topo,topoI,0.25
231,57.75,topo,gyrase,0.25
231,57.75,RNAP,RNAP,1.0
232,58.0,topo,topoI,0.25
232,58.0,topo,gyrase,0.25
232,58.0,RNAP,RNAP,1.0
233,58.25,topo,topoI,0.25
233,58.25,topo,gyrase,0.25
233,58.25,RNAP,RNAP,1.0
234,58.5,topo,topoI,0.25
234,58.5,topo,gyrase,0.25
234,58.5,RNAP,RNAP,1.0
235,58.75,topo,topoI,0.25
235,58.75,topo,gyrase,0.25
235,58.75,RNAP,RNAP,1.0
236,59.0,topo,topoI,0.25
236,59.0,topo,gyrase,0.25
236,59.0,RNAP,RNAP,1.0
237,59.25,topo,topoI,0.25
237,59.25,topo,gyrase,0.25
237,59.25,RNAP,RNAP,1.0
238,59.5,topo,topoI,0.25
238,59.5,topo,gyrase,0.25
238,59.5,RNAP,RNAP,1.0
239,59.75,topo,topoI,0.25
239,59.75,topo,gyrase,0.25
239,59.75,RNAP,RNAP,1.0
240,60.0,topo,topoI,0.25
240,60.0,topo,gyrase,0.25
240,60.0,RNAP,RNAP,1.0
241,60.25,topo,topoI,0.25
241,60.25,topo,gyrase,0.25
241,60.25,RNAP,RNAP,1.0
242,60.5,topo,topoI,0.25
242,60.5,topo,gyrase,0.25
242,60.5,RNAP,RNAP,1.0
243,60.75,topo,topoI,0.25
243,60.75,topo,gyrase,0.25
243,60.75,RNAP,RNAP,1.0
244,61.0,topo,topoI,0.25
244,61.0,topo,gyrase,0.25
244,61.0,RNAP,RNAP,1.0
245,61.25,topo,topoI,0.25
245,61.25,topo,gyrase,0.25
245,61.25,RNAP,RNAP,1.0
246,61.5,topo,topoI,0.25
246,61.5,topo,gyrase,0.25
246,61.5,RNAP,RNAP,1.0
247,61.75,topo,topoI,0.25
247,61.75,topo,gyrase,0.25
247,61.75,RNAP,RNAP,1.0
248,62.0,topo,topoI,0.25
248,62.0,topo,gyrase,0.25
248,62.0,RNAP,RNAP,1.0
249,62.25,topo,topoI,0.25
249,62.25,topo,gyrase,0.25
249,62.25,RNAP,RNAP,1.0
250,62.5,topo,topoI,0.25
250,62.5,topo,gyrase,0.25
250,62.5,RNAP,RNAP,1.0
251,62.75,topo,topoI,0.25
251,62.75,topo,gyrase,0.25
251,62.75,RNAP,RNAP,1.0
252,63.0,topo,topoI,0.25
252,63.0,topo,gyrase,0.25
252,63.0,RNAP,RNAP,1.0
253,63.25,topo,topoI,0.25
253,63.25,topo,gyrase,0.25
253,63.25,RNAP,RNAP,1.0
254,63.5,topo,topoI,0.25
254,63.5,topo,gyrase,0.25
254,63.5,RNAP,RNAP,1.0
255,63.75,topo,topoI,0.25
255,63.75,topo,gyrase,0.25
255,63.75,RNAP,RNAP,1.0
256,64.0,topo,topoI,0.25
256,64.0,topo,gyrase,0.25
256,64.0,RNAP,RNAP,1.0
257,64.25,topo,topoI,0.25
257,64.25,topo,gyrase,0.25
257,64.25,RNAP,RNAP,1.0
258,64.5,topo,topoI,0.25
258,64.5,topo,gyrase,0.25
258,64.5,RNAP,RNAP,1.0
259,64.75,topo,topoI,0.25
259,64.75,topo,gyrase,0.25
259,64.75,RNAP,RNAP,1.0
260,65.0,topo,topoI,0.25
260,65.0,topo,gyrase,0.25
260,65.0,RNAP,RNAP,1.0
261,65.25,topo,topoI,0.25
261,65.25,topo,gyrase,0.25
261,65.25,RNAP,RNAP,1.0
262,65.5,topo,topoI,0.25
262,65.5,topo,gyrase,0.25
262,65.5,RNAP,RNAP,1.0
263,65.75,topo,topoI,0.25
263,65.75,topo,gyrase,0.25
263,65.75,RNAP,RNAP,1.0
264,66.0,topo,topoI,0.25
264,66.0,topo,gyrase,0.25
264,66.0,RNAP,RNAP,1.0
265,66.25,topo,topoI,0.25
265,66.25,topo,gyrase,0.25
265,66.25,RNAP,RNAP,1.0
266,66.5,topo,topoI,0.25
266,66.5,topo,gyrase,0.25
266,66.5,RNAP,RNAP,1.0
267,66.75,topo,topoI,0.25
267,66.75,topo,gyrase,0.25
267,66.75,RNAP,RNAP,1.0
268,67.0,topo,topoI,0.25
268,67.0,topo,gyrase,0.25
268,67.0,RNAP,RNAP,1.0
269,67.25,topo,topoI,0.25
269,67.25,topo,gyrase,0.25
269,67.25,RNAP,RNAP,1.0
270,67.5,topo,topoI,0.25
270,67.5,topo,gyrase,0.25
270,67.5,RNAP,RNAP,1.0
271,67.75,topo,topoI,0.25
271,67.75,topo,gyrase,0.25
271,67.75,RNAP,RNAP,1.0
272,68.0,topo,topoI,0.25
272,68.0,topo,gyrase,0.25
272,68.0,RNAP,RNAP,1.0
273,68.25,topo,topoI,0.25
273,68.25,topo,gyrase,0.25
273,68.25,RNAP,RNAP,1.0
274,68.5,topo,topoI,0.25
274,68.5,topo,gyrase,0.25
274,68.5,RNAP,RNAP,1.0
275,68.75,topo,topoI,0.25
275,68.75,topo,gyrase,0.25
275,68.75,RNAP,RNAP,1.0
276,69.0,topo,topoI,0.25
276,69.0,topo,gyrase,0.25
276,69.0,RNAP,RNAP,1.0
277,69.25,topo,topoI,0.25
277,69.25,topo,gyrase,0.25
277,69.25,RNAP,RNAP,1.0
278,69.5,topo,topoI,0.25
278,69.5,topo,gyrase,0.25
278,69.5,RNAP,RNAP,1.0
279,69.75,topo,topoI,0.25
279,69.75,topo,gyrase,0.25
279,69.75,RNAP,RNAP,1.0
280,70.0,topo,topoI,0.25
280,70.0,topo,gyrase,0.25
280,70.0,RNAP,RNAP,1.0
281,70.25,topo,topoI,0.25
281,70.25,topo,gyrase,0.25
281,70.25,RNAP,RNAP,1.0
282,70.5,topo,topoI,0.25
282,70.5,topo,gyrase,0.25
282,70.5,RNAP,RNAP,1.0
283,70.75,topo,topoI,0.25
283,70.75,topo,gyrase,0.25
283,70.75,RNAP,RNAP,1.0
284,71.0,topo,topoI,0.25
284,71.0,topo,gyrase,0.25
284,71.0,RNAP,RNAP,1.0
285,71.25,topo,topoI,0.25
285,71.25,topo,gyrase,0.25
285,71.25,RNAP,RNAP,1.0
286,71.5,topo,topoI,0.25
286,71.5,topo,gyrase,0.25
286,71.5,RNAP,RNAP,1.0
287,71.75,topo,topoI,0.25
287,71.75,topo,gyrase,0.25
287,71.75,RNAP,RNAP,1.0
288,72.0,topo,topoI,0.25
288,72.0,topo,gyrase,0.25
288,72.0,RNAP,RNAP,1.0
289,72.25,topo,topoI,0.25
289,72.25,topo,gyrase,0.25
289,72.25,RNAP,RNAP,1.0
290,72.5,topo,topoI,0.25
290,72.5,topo,gyrase,0.25
290,72.5,RNAP,RNAP,1.0
291,72.75,topo,topoI,0.25
291,72.75,topo,gyrase,0.25
291,72.75,RNAP,RNAP,1.0
292,73.0,topo,topoI,0.25
292,73.0,topo,gyrase,0.25
292,73.0,RNAP,RNAP,1.0
293,73.25,topo,topoI,0.25
293,73.25,topo,gyrase,0.25
293,73.25,RNAP,RNAP,1.0
294,73.5,topo,topoI,0.25
294,73.5,topo,gyrase,0.25
294,73.5,RNAP,RNAP,1.0
295,73.75,topo,topoI,0.25
295,73.75,topo,gyrase,0.25
295,73.75,RNAP,RNAP,1.0
296,74.0,topo,topoI,0.25
296,74.0,topo,gyrase,0.25
296,74.0,RNAP,RNAP,1.0
297,74.25,topo,topoI,0.25
297,74.25,topo,gyrase,0.25
297,74.25,RNAP,RNAP,1.0
298,74.5,topo,topoI,0.25
298,74.5,topo,gyrase,0.25
298,74.5,RNAP,RNAP,1.0
299,74.75,topo,topoI,0.25
299,74.75,topo,gyrase,0.25
299,74.75,RNAP,RNAP,1.0
300,75.0,topo,topoI,0.25
300,75.0,topo,gyrase,0.25
300,75.0,RNAP,RNAP,1.0
301,75.25,topo,topoI,0.25
301,75.25,topo,gyrase,0.25
301,75.25,RNAP,RNAP,1.0
302,75.5,topo,topoI,0.25
302,75.5,topo,gyrase,0.25
302,75.5,RNAP,RNAP,1.0
303,75.75,topo,topoI,0.25
303,75.75,topo,gyrase,0.25
303,75.75,RNAP,RNAP,1.0
304,76.0,topo,topoI,0.25
304,76.0,topo,gyrase,0.25
304,76.0,RNAP,RNAP,1.0
305,76.25,topo,topoI,0.25
305,76.25,topo,gyrase,0.25
305,76.25,RNAP,RNAP,1.0
306,76.5,topo,topoI,0.25
306,76.5,topo,gyrase,0.25
306,76.5,RNAP,RNAP,1.0
307,76.75,topo,topoI,0.25
307,76.75,topo,gyrase,0.25
307,76.75,RNAP,RNAP,1.0
308,77.0,topo,topoI,0.25
308,77.0,topo,gyrase,0.25
308,77.0,RNAP,RNAP,1.0
309,77.25,topo,topoI,0.25
309,77.25,topo,gyrase,0.25
309,77.25,RNAP,RNAP,1.0
310,77.5,topo,topoI,0.25
310,77.5,topo,gyrase,0.25
310,77.5,RNAP,RNAP,1.0
311,77.75,topo,topoI,0.25
311,77.75,topo,gyrase,0.25
311,77.75,RNAP,RNAP,1.0
312,78.0,topo,topoI,0.25
312,78.0,topo,gyrase,0.25
312,78.0,RNAP,RNAP,1.0
313,78.25,topo,topoI,0.25
313,78.25,topo,gyrase,0.25
313,78.25,RNAP,RNAP,1.0
314,78.5,topo,topoI,0.25
314,78.5,topo,gyrase,0.25
314,78.5,RNAP,RNAP,1.0
315,78.75,topo,topoI,0.25
315,78.75,topo,gyrase,0.25
315,78.75,RNAP,RNAP,1.0
316,79.0,topo,topoI,0.25
316,79.0,topo,gyrase,0.25
316,79.0,RNAP,RNAP,1.0
317,79.25,topo,topoI,0.25
317,79.25,topo,gyrase,0.25
317,79.25,RNAP,RNAP,1.0
318,79.5,topo,topoI,0.25
318,79.5,topo,gyrase,0.25
318,79.5,RNAP,RNAP,1.0
319,79.75,topo,topoI,0.25
319,79.75,topo,gyrase,0.25
319,79.75,RNAP,RNAP,1.0
320,80.0,topo,topoI,0.25
320,80.0,topo,gyrase,0.25
320,80.0,RNAP,RNAP,1.0
321,80.25,topo,topoI,0.25
321,80.25,topo,gyrase,0.25
321,80.25,RNAP,RNAP,1.0
322,80.5,topo,topoI,0.25
322,80.5,topo,gyrase,0.25
322,80.5,RNAP,RNAP,1.0
323,80.75,topo,topoI,0.25
323,80.75,topo,gyrase,0.25
323,80.75,RNAP,RNAP,1.0
324,81.0,topo,topoI,0.25
324,81.0,topo,gyrase,0.25
324,81.0,RNAP,RNAP,1.0
325,81.25,topo,topoI,0.25
325,81.25,topo,gyrase,0.25
325,81.25,RNAP,RNAP,1.0
326,81.5,topo,topoI,0.25
326,81.5,topo,gyrase,0.25
326,81.5,RNAP,RNAP,1.0
327,81.75,topo,topoI,0.25
327,81.75,topo,gyrase,0.25
327,81.75,RNAP,RNAP,1.0
328,82.0,topo,topoI,0.25
328,82.0,topo,gyrase,0.25
328,82.0,RNAP,RNAP,1.0
329,82.25,topo,topoI,0.25
329,82.25,topo,gyrase,0.25
329,82.25,RNAP,RNAP,1.0
330,82.5,topo,topoI,0.25
330,82.5,topo,gyrase,0.25
330,82.5,RNAP,RNAP,1.0
331,82.75,topo,topoI,0.25
331,82.75,topo,gyrase,0.25
331,82.75,RNAP,RNAP,1.0
332,83.0,topo,topoI,0.25
332,83.0,topo,gyrase,0.25
332,83.0,RNAP,RNAP,1.0
333,83.25,topo,topoI,0.25
333,83.25,topo,gyrase,0.25
333,83.25,RNAP,RNAP,1.0
334,83.5,topo,topoI,0.25
334,83.5,topo,gyrase,0.25
334,83.5,RNAP,RNAP,1.0
335,83.75,topo,topoI,0.25
335,83.75,topo,gyrase,0.25
335,83.75,RNAP,RNAP,1.0
336,84.0,topo,topoI,0.25
336,84.0,topo,gyrase,0.25
336,84.0,RNAP,RNAP,1.0
337,84.25,topo,topoI,0.25
337,84.25,topo,gyrase,0.25
337,84.25,RNAP,RNAP,1.0
338,84.5,topo,topoI,0.25
338,84.5,topo,gyrase,0.25
338,84.5,RNAP,RNAP,1.0
339,84.75,topo,topoI,0.25
339,84.75,topo,gyrase,0.25
339,84.75,RNAP,RNAP,1.0
340,85.0,topo,topoI,0.25
340,85.0,topo,gyrase,0.25
340,85.0,RNAP,RNAP,1.0
341,85.25,topo,topoI,0.25
341,85.25,topo,gyrase,0.25
341,85.25,RNAP,RNAP,1.0
342,85.5,topo,topoI,0.25
342,85.5,topo,gyrase,0.25
342,85.5,RNAP,RNAP,1.0
343,85.75,topo,topoI,0.25
343,85.75,topo,gyrase,0.25
343,85.75,RNAP,RNAP,1.0
344,86.0,topo,topoI,0.25
344,86.0,topo,gyrase,0.25
344,86.0,RNAP,RNAP,1.0
345,86.25,topo,topoI,0.25
345,86.25,topo,gyrase,0.25
345,86.25,RNAP,RNAP,1.0
346,86.5,topo,topoI,0.25
346,86.5,topo,gyrase,0.25
346,86.5,RNAP,RNAP,1.0
347,86.75,topo,topoI,0.25
347,86.75,topo,gyrase,0.25
347,86.75,RNAP,RNAP,1.0
348,87.0,topo,topoI,0.25
348,87.0,topo,gyrase,0.25
348,87.0,RNAP,RNAP,1.0
349,87.25,topo,topoI,0.25
349,87.25,topo,gyrase,0.25
349,87.25,RNAP,RNAP,1.0
350,87.5,topo,topoI,0.25
350,87.5,topo,gyrase,0.25
350,87.5,RNAP,RNAP,1.0
351,87.75,topo,topoI,0.25
351,87.75,topo,gyrase,0.25
351,87.75,RNAP,RNAP,1.0
352,88.0,topo,topoI,0.25
352,88.0,topo,gyrase,0.25
352,88.0,RNAP,RNAP,1.0
353,88.25,topo,topoI,0.25
353,88.25,topo,gyrase,0.25
353,88.25,RNAP,RNAP,1.0
354,88.5,topo,topoI,0.25
354,88.5,topo,gyrase,0.25
354,88.5,RNAP,RNAP,1.0
355,88.75,topo,topoI,0.25
355,88.75,topo,gyrase,0.25
355,88.75,RNAP,RNAP,1.0
356,89.0,topo,topoI,0.25
356,89.0,topo,gyrase,0.25
356,89.0,RNAP,RNAP,1.0
357,89.25,topo,topoI,0.25
357,89.25,topo,gyrase,0.25
357,89.25,RNAP,RNAP,1.0
358,89.5,topo,topoI,0.25
358,89.5,topo,gyrase,0.25
358,89.5,RNAP,RNAP,1.0
359,89.75,topo,topoI,0.25
359,89.75,topo,gyrase,0.25
359,89.75,RNAP,RNAP,1.0
360,90.0,topo,topoI,0.25
360,90.0,topo,gyrase,0.25
360,90.0,RNAP,RNAP,1.0
361,90.25,topo,topoI,0.25
361,90.25,topo,gyrase,0.25
361,90.25,RNAP,RNAP,1.0
362,90.5,topo,topoI,0.25
362,90.5,topo,gyrase,0.25
362,90.5,RNAP,RNAP,1.0
363,90.75,topo,topoI,0.25
363,90.75,topo,gyrase,0.25
363,90.75,RNAP,RNAP,1.0
364,91.0,topo,topoI,0.25
364,91.0,topo,gyrase,0.25
364,91.0,RNAP,RNAP,1.0
365,91.25,topo,topoI,0.25
365,91.25,topo,gyrase,0.25
365,91.25,RNAP,RNAP,1.0
366,91.5,topo,topoI,0.25
366,91.5,topo,gyrase,0.25
366,91.5,RNAP,RNAP,1.0
367,91.75,topo,topoI,0.25
367,91.75,topo,gyrase,0.25
367,91.75,RNAP,RNAP,1.0
368,92.0,topo,topoI,0.25
368,92.0,topo,gyrase,0.25
368,92.0,RNAP,RNAP,1.0
369,92.25,topo,topoI,0.25
369,92.25,topo,gyrase,0.25
369,92.25,RNAP,RNAP,1.0
370,92.5,topo,topoI,0.25
370,92.5,topo,gyrase,0.25
370,92.5,RNAP,RNAP,1.0
371,92.75,topo,topoI,0.25
371,92.75,topo,gyrase,0.25
371,92.75,RNAP,RNAP,1.0
372,93.0,topo,topoI,0.25
372,93.0,topo,gyrase,0.25
372,93.0,RNAP,RNAP,1.0
373,93.25,topo,topoI,0.25
373,93.25,topo,gyrase,0.25
373,93.25,RNAP,RNAP,1.0
374,93.5,topo,topoI,0.25
374,93.5,topo,gyrase,0.25
374,93.5,RNAP,RNAP,1.0
375,93.75,topo,topoI,0.25
375,93.75,topo,gyrase,0.25
375,93.75,RNAP,RNAP,1.0
376,94.0,topo,topoI,0.25
376,94.0,topo,gyrase,0.25
376,94.0,RNAP,RNAP,1.0
377,94.25,topo,topoI,0.25
377,94.25,topo,gyrase,0.25
377,94.25,RNAP,RNAP,1.0
378,94.5,topo,topoI,0.25
378,94.5,topo,gyrase,0.25
378,94.5,RNAP,RNAP,1.0
379,94.75,topo,topoI,0.25
379,94.75,topo,gyrase,0.25
379,94.75,RNAP,RNAP,1.0
380,95.0,topo,topoI,0.25
380,95.0,topo,gyrase,0.25
380,95.0,RNAP,RNAP,1.0
381,95.25,topo,topoI,0.25
381,95.25,topo,gyrase,0.25
381,95.25,RNAP,RNAP,1.0
382,95.5,topo,topoI,0.25
382,95.5,topo,gyrase,0.25
382,95.5,RNAP,RNAP,1.0
383,95.75,topo,topoI,0.25
383,95.75,topo,gyrase,0.25
383,95.75,RNAP,RNAP,1.0
384,96.0,topo,topoI,0.25
384,96.0,topo,gyrase,0.25
384,96.0,RNAP,RNAP,1.0
385,96.25,topo,topoI,0.25
385,96.25,topo,gyrase,0.25
385,96.25,RNAP,RNAP,1.0
386,96.5,topo,topoI,0.25
386,96.5,topo,gyrase,0.25
386,96.5,RNAP,RNAP,1.0
387,96.75,topo,topoI,0.25
387,96.75,topo,gyrase,0.25
387,96.75,RNAP,RNAP,1.0
388,97.0,topo,topoI,0.25
388,97.0,topo,gyrase,0.25
388,97.0,RNAP,RNAP,1.0
389,97.25,topo,topoI,0.25
389,97.25,topo,gyrase,0.25
389,97.25,RNAP,RNAP,1.0
390,97.5,topo,topoI,0.25
390,97.5,topo,gyrase,0.25
390,97.5,RNAP,RNAP,1.0
391,97.75,topo,topoI,0.25
391,97.75,topo,gyrase,0.25
391,97.75,RNAP,RNAP,1.0
392,98.0,topo,topoI,0.25
392,98.0,topo,gyrase,0.25
392,98.0,RNAP,RNAP,1.0
393,98.25,topo,topoI,0.25
393,98.25,topo,gyrase,0.25
393,98.25,RNAP,RNAP,1.0
394,98.5,topo,topoI,0.25
394,98.5,topo,gyrase,0.25
394,98.5,RNAP,RNAP,1.0
395,98.75,topo,topoI,0.25
395,98.75,topo,gyrase,0.25
395,98.75,RNAP,RNAP,1.0
396,99.0,topo,topoI,0.25
396,99.0,topo,gyrase,0.25
396,99.0,RNAP,RNAP,1.0
397,99.25,topo,topoI,0.25
397,99.25,topo,gyrase,0.25
397,99.25,RNAP,RNAP,1.0
398,99.5,topo,topoI,0.25
398,99.5,topo,gyrase,0.25
398,99.5,RNAP,RNAP,1.0
399,99.75,topo,topoI,0.25
399,99.75,topo,gyrase,0.25
399,99.75,RNAP,RNAP,1.0
400,100.0,topo,topoI,0.25
400,100.0,topo,gyrase,0.25
400,100.0,RNAP,RNAP,1.0
401,100.25,topo,topoI,0.25
401,100.25,topo,gyrase,0.25
401,100.25,RNAP,RNAP,1.0
402,100.5,topo,topoI,0.25
402,100.5,topo,gyrase,0.25
402,100.5,RNAP,RNAP,1.0
403,100.75,topo,topoI,0.25
403,100.75,topo,gyrase,0.25
403,100.75,RNAP,RNAP,1.0
404,101.0,topo,topoI,0.25
404,101.0,topo,gyrase,0.25
404,101.0,RNAP,RNAP,1.0
405,101.25,topo,topoI,0.25
405,101.25,topo,gyrase,0.25
405,101.25,RNAP,RNAP,1.0
406,101.5,topo,topoI,0.25
406,101.5,topo,gyrase,0.25
406,101.5,RNAP,RNAP,1.0
407,101.75,topo,topoI,0.25
407,101.75,topo,gyrase,0.25
407,101.75,RNAP,RNAP,1.0
408,102.0,topo,topoI,0.25
408,102.0,topo,gyrase,0.25
408,102.0,RNAP,RNAP,1.0
409,102.25,topo,topoI,0.25
409,102.25,topo,gyrase,0.25
409,102.25,RNAP,RNAP,1.0
410,102.5,topo,topoI,0.25
410,102.5,topo,gyrase,0.25
410,102.5,RNAP,RNAP,1.0
411,102.75,topo,topoI,0.25
411,102.75,topo,gyrase,0.25
411,102.75,RNAP,RNAP,1.0
412,103.0,topo,topoI,0.25
412,103.0,topo,gyrase,0.25
412,103.0,RNAP,RNAP,1.0
413,103.25,topo,topoI,0.25
413,103.25,topo,gyrase,0.25
413,103.25,RNAP,RNAP,1.0
414,103.5,topo,topoI,0.25
414,103.5,topo,gyrase,0.25
414,103.5,RNAP,RNAP,1.0
415,103.75,topo,topoI,0.25
415,103.75,topo,gyrase,0.25
415,103.75,RNAP,RNAP,1.0
416,104.0,topo,topoI,0.25
416,104.0,topo,gyrase,0.25
416,104.0,RNAP,RNAP,1.0
417,104.25,topo,topoI,0.25
417,104.25,topo,gyrase,0.25
417,104.25,RNAP,RNAP,1.0
418,104.5,topo,topoI,0.25
418,104.5,topo,gyrase,0.25
418,104.5,RNAP,RNAP,1.0
419,104.75,topo,topoI,0.25
419,104.75,topo,gyrase,0.25
419,104.75,RNAP,RNAP,1.0
420,105.0,topo,topoI,0.25
420,105.0,topo,gyrase,0.25
420,105.0,RNAP,RNAP,1.0
421,105.25,topo,topoI,0.25
421,105.25,topo,gyrase,0.25
421,105.25,RNAP,RNAP,1.0
422,105.5,topo,topoI,0.25
422,105.5,topo,gyrase,0.25
422,105.5,RNAP,RNAP,1.0
423,105.75,topo,topoI,0.25
423,105.75,topo,gyrase,0.25
423,105.75,RNAP,RNAP,1.0
424,106.0,topo,topoI,0.25
424,106.0,topo,gyrase,0.25
424,106.0,RNAP,RNAP,1.0
425,106.25,topo,topoI,0.25
425,106.25,topo,gyrase,0.25
425,106.25,RNAP,RNAP,1.0
426,106.5,topo,topoI,0.25
426,106.5,topo,gyrase,0.25
426,106.5,RNAP,RNAP,1.0
427,106.75,topo,topoI,0.25
427,106.75,topo,gyrase,0.25
427,106.75,RNAP,RNAP,1.0
428,107.0,topo,topoI,0.25
428,107.0,topo,gyrase,0.25
428,107.0,RNAP,RNAP,1.0
429,107.25,topo,topoI,0.25
429,107.25,topo,gyrase,0.25
429,107.25,RNAP,RNAP,1.0
430,107.5,topo,topoI,0.25
430,107.5,topo,gyrase,0.25
430,107.5,RNAP,RNAP,1.0
431,107.75,topo,topoI,0.25
431,107.75,topo,gyrase,0.25
431,107.75,RNAP,RNAP,1.0
432,108.0,topo,topoI,0.25
432,108.0,topo,gyrase,0.25
432,108.0,RNAP,RNAP,1.0
433,108.25,topo,topoI,0.25
433,108.25,topo,gyrase,0.25
433,108.25,RNAP,RNAP,1.0
434,108.5,topo,topoI,0.25
434,108.5,topo,gyrase,0.25
434,108.5,RNAP,RNAP,1.0
435,108.75,topo,topoI,0.25
435,108.75,topo,gyrase,0.25
435,108.75,RNAP,RNAP,1.0
436,109.0,topo,topoI,0.25
436,109.0,topo,gyrase,0.25
436,109.0,RNAP,RNAP,1.0
437,109.25,topo,topoI,0.25
437,109.25,topo,gyrase,0.25
437,109.25,RNAP,RNAP,1.0
438,109.5,topo,topoI,0.25
438,109.5,topo,gyrase,0.25
438,109.5,RNAP,RNAP,1.0
439,109.75,topo,topoI,0.25
439,109.75,topo,gyrase,0.25
439,109.75,RNAP,RNAP,1.0
440,110.0,topo,topoI,0.25
440,110.0,topo,gyrase,0.25
440,110.0,RNAP,RNAP,1.0
441,110.25,topo,topoI,0.25
441,110.25,topo,gyrase,0.25
441,110.25,RNAP,RNAP,1.0
442,110.5,topo,topoI,0.25
442,110.5,topo,gyrase,0.25
442,110.5,RNAP,RNAP,1.0
443,110.75,topo,topoI,0.25
443,110.75,topo,gyrase,0.25
443,110.75,RNAP,RNAP,1.0
444,111.0,topo,topoI,0.25
444,111.0,topo,gyrase,0.25
444,111.0,RNAP,RNAP,1.0
445,111.25,topo,topoI,0.25
445,111.25,topo,gyrase,0.25
445,111.25,RNAP,RNAP,1.0
446,111.5,topo,topoI,0.25
446,111.5,topo,gyrase,0.25
446,111.5,RNAP,RNAP,1.0
447,111.75,topo,topoI,0.25
447,111.75,topo,gyrase,0.25
447,111.75,RNAP,RNAP,1.0
448,112.0,topo,topoI,0.25
448,112.0,topo,gyrase,0.25
448,112.0,RNAP,RNAP,1.0
449,112.25,topo,topoI,0.25
449,112.25,topo,gyrase,0.25
449,112.25,RNAP,RNAP,1.0
450,112.5,topo,topoI,0.25
450,112.5,topo,gyrase,0.25
450,112.5,RNAP,RNAP,1.0
451,112.75,topo,topoI,0.25
451,112.75,topo,gyrase,0.25
451,112.75,RNAP,RNAP,1.0
452,113.0,topo,topoI,0.25
452,113.0,topo,gyrase,0.25
452,113.0,RNAP,RNAP,1.0
453,113.25,topo,topoI,0.25
453,113.25,topo,gyrase,0.25
453,113.25,RNAP,RNAP,1.0
454,113.5,topo,topoI,0.25
454,113.5,topo,gyrase,0.25
454,113.5,RNAP,RNAP,1.0
455,113.75,topo,topoI,0.25
455,113.75,topo,gyrase,0.25
455,113.75,RNAP,RNAP,1.0
456,114.0,topo,topoI,0.25
456,114.0,topo,gyrase,0.25
456,114.0,RNAP,RNAP,1.0
457,114.25,topo,topoI,0.25
457,114.25,topo,gyrase,0.25
457,114.25,RNAP,RNAP,1.0
458,114.5,topo,topoI,0.25
458,114.5,topo,gyrase,0.25
458,114.5,RNAP,RNAP,1.0
459,114.75,topo,topoI,0.25
459,114.75,topo,gyrase,0.25
459,114.75,RNAP,RNAP,1.0
460,115.0,topo,topoI,0.25
460,115.0,topo,gyrase,0.25
460,115.0,RNAP,RNAP,1.0
461,115.25,topo,topoI,0.25
461,115.25,topo,gyrase,0.25
461,115.25,RNAP,RNAP,1.0
462,115.5,topo,topoI,0.25
462,115.5,topo,gyrase,0.25
462,115.5,RNAP,RNAP,1.0
463,115.75,topo,topoI,0.25
463,115.75,topo,gyrase,0.25
463,115.75,RNAP,RNAP,1.0
464,116.0,topo,topoI,0.25
464,116.0,topo,gyrase,0.25
464,116.0,RNAP,RNAP,1.0
465,116.25,topo,topoI,0.25
465,116.25,topo,gyrase,0.25
465,116.25,RNAP,RNAP,1.0
466,116.5,topo,topoI,0.25
466,116.5,topo,gyrase,0.25
466,116.5,RNAP,RNAP,1.0
467,116.75,topo,topoI,0.25
467,116.75,topo,gyrase,0.25
467,116.75,RNAP,RNAP,1.0
468,117.0,topo,topoI,0.25
468,117.0,topo,gyrase,0.25
468,117.0,RNAP,RNAP,1.0
469,117.25,topo,topoI,0.25
469,117.25,topo,gyrase,0.25
469,117.25,RNAP,RNAP,1.0
470,117.5,topo,topoI,0.25
470,117.5,topo,gyrase,0.25
470,117.5,RNAP,RNAP,1.0
471,117.75,topo,topoI,0.25
471,117.75,topo,gyrase,0.25
471,117.75,RNAP,RNAP,1.0
472,118.0,topo,topoI,0.25
472,118.0,topo,gyrase,0.25
472,118.0,RNAP,RNAP,1.0
473,118.25,topo,topoI,0.25
473,118.25,topo,gyrase,0.25
473,118.25,RNAP,RNAP,1.0
474,118.5,topo,topoI,0.25
474,118.5,topo,gyrase,0.25
474,118.5,RNAP,RNAP,1.0
475,118.75,topo,topoI,0.25
475,118.75,topo,gyrase,0.25
475,118.75,RNAP,RNAP,1.0
476,119.0,topo,topoI,0.25
476,119.0,topo,gyrase,0.25
476,119.0,RNAP,RNAP,1.0
477,119.25,topo,topoI,0.25
477,119.25,topo,gyrase,0.25
477,119.25,RNAP,RNAP,1.0
478,119.5,topo,topoI,0.25
478,119.5,topo,gyrase,0.25
478,119.5,RNAP,RNAP,1.0
479,119.75,topo,topoI,0.25
479,119.75,topo,gyrase,0.25
479,119.75,RNAP,RNAP,1.0
480,120.0,topo,topoI,0.25
480,120.0,topo,gyrase,0.25
480,120.0,RNAP,RNAP,1.0
481,120.25,topo,topoI,0.25
481,120.25,topo,gyrase,0.25
481,120.25,RNAP,RNAP,1.0
482,120.5,topo,topoI,0.25
482,120.5,topo,gyrase,0.25
482,120.5,RNAP,RNAP,1.0
482,120.5,mRNA,tetA,1.0
483,120.75,topo,topoI,0.25
483,120.75,topo,gyrase,0.25
483,120.75,RNAP,RNAP,1.0
483,120.75,mRNA,tetA,1.0
484,121.0,topo,topoI,0.25
484,121.0,topo,gyrase,0.25
484,121.0,RNAP,RNAP,1.0
484,121.0,mRNA,tetA,1.0
485,121.25,topo,topoI,0.25
485,121.25,topo,gyrase,0.25
485,121.25,RNAP,RNAP,1.0
485,121.25,mRNA,tetA,1.0
486,121.5,topo,topoI,0.25
486,121.5,topo,gyrase,0.25
486,121.5,RNAP,RNAP,1.0
486,121.5,mRNA,tetA,1.0
487,121.75,topo,topoI,0.25
487,121.75,topo,gyrase,0.25
487,121.75,RNAP,RNAP,1.0
487,121.75,mRNA,tetA,1.0
488,122.0,topo,topoI,0.25
488,122.0,topo,gyrase,0.25
488,122.0,RNAP,RNAP,1.0
488,122.0,mRNA,tetA,1.0
489,122.25,topo,topoI,0.25
489,122.25,topo,gyrase,0.25
489,122.25,RNAP,RNAP,1.0
489,122.25,mRNA,tetA,1.0
490,122.5,topo,topoI,0.25
490,122.5,topo,gyrase,0.25
490,122.5,RNAP,RNAP,1.0
490,122.5,mRNA,tetA,1.0
491,122.75,topo,topoI,0.25
491,122.75,topo,gyrase,0.25
491,122.75,RNAP,RNAP,1.0
491,122.75,mRNA,tetA,1.0
492,123.0,topo,topoI,0.25
492,123.0,topo,gyrase,0.25
492,123.0,RNAP,RNAP,1.0
492,123.0,mRNA,tetA,1.0
493,123.25,topo,topoI,0.25
493,123.25,topo,gyrase,0.25
493,123.25,RNAP,RNAP,1.0
493,123.25,mRNA,tetA,1.0
494,123.5,topo,topoI,0.25
494,123.5,topo,gyrase,0.25
494,123.5,RNAP,RNAP,1.0
494,123.5,mRNA,tetA,1.0
495,123.75,topo,topoI,0.25
495,123.75,topo,gyrase,0.25
495,123.75,RNAP,RNAP,1.0
495,123.75,mRNA,tetA,1.0
496,124.0,topo,topoI,0.25
496,124.0,topo,gyrase,0.25
496,124.0,RNAP,RNAP,1.0
496,124.0,mRNA,tetA,1.0
497,124.25,topo,topoI,0.25
497,124.25,topo,gyrase,0.25
497,124.25,RNAP,RNAP,1.0
497,124.25,mRNA,tetA,1.0
498,124.5,topo,topoI,0.25
498,124.5,topo,gyrase,0.25
498,124.5,RNAP,RNAP,1.0
498,124.5,mRNA,tetA,1.0
499,124.75,topo,topoI,0.25
499,124.75,topo,gyrase,0.25
499,124.75,RNAP,RNAP,1.0
499,124.75,mRNA,tetA,1.0
500,125.0,topo,topoI,0.25
500,125.0,topo,gyrase,0.25
500,125.0,RNAP,RNAP,1.0
500,125.0,mRNA,tetA,1.0
501,125.25,topo,topoI,0.25
501,125.25,topo,gyrase,0.25
501,125.25,RNAP,RNAP,1.0
501,125.25,mRNA,tetA,1.0
502,125.5,topo,topoI,0.25
502,125.5,topo,gyrase,0.25
502,125.5,RNAP,RNAP,1.0
502,125.5,mRNA,tetA,1.0
503,125.75,topo,topoI,0.25
503,125.75,topo,gyrase,0.25
503,125.75,RNAP,RNAP,1.0
503,125.75,mRNA,tetA,1.0
504,126.0,topo,topoI,0.25
504,126.0,topo,gyrase,0.25
504,126.0,RNAP,RNAP,1.0
504,126.0,mRNA,tetA,1.0
505,126.25,topo,topoI,0.25
505,126.25,topo,gyrase,0.25
505,126.25,RNAP,RNAP,1.0
505,126.25,mRNA,tetA,1.0
506,126.5,topo,topoI,0.25
506,126.5,topo,gyrase,0.25
506,126.5,RNAP,RNAP,1.0
506,126.5,mRNA,tetA,1.0
507,126.75,topo,topoI,0.25
507,126.75,topo,gyrase,0.25
507,126.75,RNAP,RNAP,1.0
507,126.75,mRNA,tetA,1.0
508,127.0,topo,topoI,0.25
508,127.0,topo,gyrase,0.25
508,127.0,RNAP,RNAP,1.0
508,127.0,mRNA,tetA,1.0
509,127.25,topo,topoI,0.25
509,127.25,topo,gyrase,0.25
509,127.25,RNAP,RNAP,1.0
509,127.25,mRNA,tetA,1.0
510,127.5,topo,topoI,0.25
510,127.5,topo,gyrase,0.25
510,127.5,RNAP,RNAP,1.0
510,127.5,mRNA,tetA,1.0
511,127.75,topo,topoI,0.25
511,127.75,topo,gyrase,0.25
511,127.75,RNAP,RNAP,1.0
511,127.75,mRNA,tetA,1.0
512,128.0,topo,topoI,0.25
512,128.0,topo,gyrase,0.25
512,128.0,RNAP,RNAP,1.0
512,128.0,mRNA,tetA,1.0
513,128.25,topo,topoI,0.25
513,128.25,topo,gyrase,0.25
513,128.25,RNAP,RNAP,1.0
513,128.25,mRNA,tetA,1.0
514,128.5,topo,topoI,0.25
514,128.5,topo,gyrase,0.25
514,128.5,RNAP,RNAP,1.0
514,128.5,mRNA,tetA,1.0
515,128.75,topo,topoI,0.25
515,128.75,topo,gyrase,0.25
515,128.75,RNAP,RNAP,1.0
515,128.75,mRNA,tetA,1.0
516,129.0,topo,topoI,0.25
516,129.0,topo,gyrase,0.25
516,129.0,RNAP,RNAP,1.0
516,129.0,mRNA,tetA,1.0
517,129.25,topo,topoI,0.25
517,129.25,topo,gyrase,0.25
517,129.25,RNAP,RNAP,1.0
517,129.25,mRNA,tetA,1.0
518,129.5,topo,topoI,0.25
518,129.5,topo,gyrase,0.25
518,129.5,RNAP,RNAP,1.0
518,129.5,mRNA,tetA,1.0
519,129.75,topo,topoI,0.25
519,129.75,topo,gyrase,0.25
519,129.75,RNAP,RNAP,1.0
519,129.75,mRNA,tetA,1.0
520,130.0,topo,topoI,0.25
520,130.0,topo,gyrase,0.25
520,130.0,RNAP,RNAP,1.0
520,130.0,mRNA,tetA,1.0
521,130.25,topo,topoI,0.25
521,130.25,topo,gyrase,0.25
521,130.25,RNAP,RNAP,1.0
521,130.25,mRNA,tetA,1.0
522,130.5,topo,topoI,0.25
522,130.5,topo,gyrase,0.25
522,130.5,RNAP,RNAP,1.0
522,130.5,mRNA,tetA,1.0
523,130.75,topo,topoI,0.25
523,130.75,topo,gyrase,0.25
523,130.75,RNAP,RNAP,1.0
523,130.75,mRNA,tetA,1.0
524,131.0,topo,topoI,0.25
524,131.0,topo,gyrase,0.25
524,131.0,RNAP,RNAP,1.0
524,131.0,mRNA,tetA,1.0
525,131.25,topo,topoI,0.25
525,131.25,topo,gyrase,0.25
525,131.25,RNAP,RNAP,1.0
525,131.25,mRNA,tetA,1.0
526,131.5,topo,topoI,0.25
526,131.5,topo,gyrase,0.25
526,131.5,RNAP,RNAP,1.0
526,131.5,mRNA,tetA,1.0
527,131.75,topo,topoI,0.25
527,131.75,topo,gyrase,0.25
527,131.75,RNAP,RNAP,1.0
527,131.75,mRNA,tetA,1.0
528,132.0,topo,topoI,0.25
528,132.0,topo,gyrase,0.25
528,132.0,RNAP,RNAP,1.0
528,132.0,mRNA,tetA,1.0
529,132.25,topo,topoI,0.25
529,132.25,topo,gyrase,0.25
529,132.25,RNAP,RNAP,1.0
529,132.25,mRNA,tetA,1.0
530,132.5,topo,topoI,0.25
530,132.5,topo,gyrase,0.25
530,132.5,RNAP,RNAP,1.0
530,132.5,mRNA,tetA,1.0
531,132.75,topo,topoI,0.25
531,132.75,topo,gyrase,0.25
531,132.75,RNAP,RNAP,1.0
531,132.75,mRNA,tetA,1.0
532,133.0,topo,topoI,0.25
532,133.0,topo,gyrase,0.25
532,133.0,RNAP,RNAP,1.0
532,133.0,mRNA,tetA,1.0
533,133.25,topo,topoI,0.25
533,133.25,topo,gyrase,0.25
533,133.25,RNAP,RNAP,1.0
533,133.25,mRNA,tetA,1.0
534,133.5,topo,topoI,0.25
534,133.5,topo,gyrase,0.25
534,133.5,RNAP,RNAP,1.0
534,133.5,mRNA,tetA,1.0
535,133.75,topo,topoI,0.25
535,133.75,topo,gyrase,0.25
535,133.75,RNAP,RNAP,1.0
535,133.75,mRNA,tetA,1.0
536,134.0,topo,topoI,0.25
536,134.0,topo,gyrase,0.25
536,134.0,RNAP,RNAP,1.0
536,134.0,mRNA,tetA,1.0
537,134.25,topo,topoI,0.25
537,134.25,topo,gyrase,0.25
537,134.25,RNAP,RNAP,1.0
537,134.25,mRNA,tetA,1.0
538,134.5,topo,topoI,0.25
538,134.5,topo,gyrase,0.25
538,134.5,RNAP,RNAP,1.0
538,134.5,mRNA,tetA,1.0
539,134.75,topo,topoI,0.25
539,134.75,topo,gyrase,0.25
539,134.75,RNAP,RNAP,1.0
539,134.75,mRNA,tetA,1.0
540,135.0,topo,topoI,0.25
540,135.0,topo,gyrase,0.25
540,135.0,RNAP,RNAP,1.0
540,135.0,mRNA,tetA,1.0
541,135.25,topo,topoI,0.25
541,135.25,topo,gyrase,0.25
541,135.25,RNAP,RNAP,1.0
541,135.25,mRNA,tetA,1.0
542,135.5,topo,topoI,0.25
542,135.5,topo,gyrase,0.25
542,135.5,RNAP,RNAP,1.0
542,135.5,mRNA,tetA,1.0
543,135.75,topo,topoI,0.25
543,135.75,topo,gyrase,0.25
543,135.75,RNAP,RNAP,1.0
543,135.75,mRNA,tetA,1.0
544,136.0,topo,topoI,0.25
544,136.0,topo,gyrase,0.25
544,136.0,RNAP,RNAP,1.0
544,136.0,mRNA,tetA,1.0
545,136.25,topo,topoI,0.25
545,136.25,topo,gyrase,0.25
545,136.25,RNAP,RNAP,1.0
545,136.25,mRNA,tetA,1.0
546,136.5,topo,topoI,0.25
546,136.5,topo,gyrase,0.25
546,136.5,RNAP,RNAP,1.0
546,136.5,mRNA,tetA,1.0
547,136.75,topo,topoI,0.25
547,136.75,topo,gyrase,0.25
547,136.75,RNAP,RNAP,1.0
547,136.75,mRNA,tetA,1.0
548,137.0,topo,topoI,0.25
548,137.0,topo,gyrase,0.25
548,137.0,RNAP,RNAP,1.0
548,137.0,mRNA,tetA,1.0
549,137.25,topo,topoI,0.25
549,137.25,topo,gyrase,0.25
549,137.25,RNAP,RNAP,1.0
549,137.25,mRNA,tetA,1.0
550,137.5,topo,topoI,0.25
550,137.5,topo,gyrase,0.25
550,137.5,RNAP,RNAP,1.0
550,137.5,mRNA,tetA,1.0
551,137.75,topo,topoI,0.25
551,137.75,topo,gyrase,0.25
551,137.75,RNAP,RNAP,1.0
551,137.75,mRNA,tetA,1.0
552,138.0,topo,topoI,0.25
552,138.0,topo,gyrase,0.25
552,138.0,RNAP,RNAP,1.0
552,138.0,mRNA,tetA,1.0
553,138.25,topo,topoI,0.25
553,138.25,topo,gyrase,0.25
553,138.25,RNAP,RNAP,1.0
553,138.25,mRNA,tetA,1.0
554,138.5,topo,topoI,0.25
554,138.5,topo,gyrase,0.25
554,138.5,RNAP,RNAP,1.0
554,138.5,mRNA,tetA,1.0
555,138.75,topo,topoI,0.25
555,138.75,topo,gyrase,0.25
555,138.75,RNAP,RNAP,1.0
555,138.75,mRNA,tetA,1.0
556,139.0,topo,topoI,0.25
556,139.0,topo,gyrase,0.25
556,139.0,RNAP,RNAP,1.0
556,139.0,mRNA,tetA,1.0
557,139.25,topo,topoI,0.25
557,139.25,topo,gyrase,0.25
557,139.25,RNAP,RNAP,1.0
557,139.25,mRNA,tetA,1.0
558,139.5,topo,topoI,0.25
558,139.5,topo,gyrase,0.25
558,139.5,RNAP,RNAP,1.0
558,139.5,mRNA,tetA,1.0
559,139.75,topo,topoI,0.25
559,139.75,topo,gyrase,0.25
559,139.75,RNAP,RNAP,1.0
559,139.75,mRNA,tetA,1.0
560,140.0,topo,topoI,0.25
560,140.0,topo,gyrase,0.25
560,140.0,RNAP,RNAP,1.0
560,140.0,mRNA,tetA,1.0
561,140.25,topo,topoI,0.25
561,140.25,topo,gyrase,0.25
561,140.25,RNAP,RNAP,1.0
561,140.25,mRNA,tetA,1.0
562,140.5,topo,topoI,0.25
562,140.5,topo,gyrase,0.25
562,140.5,RNAP,RNAP,1.0
562,140.5,mRNA,tetA,1.0
563,140.75,topo,topoI,0.25
563,140.75,topo,gyrase,0.25
563,140.75,RNAP,RNAP,1.0
563,140.75,mRNA,tetA,1.0
564,141.0,topo,topoI,0.25
564,141.0,topo,gyrase,0.25
564,141.0,RNAP,RNAP,1.0
564,141.0,mRNA,tetA,1.0
565,141.25,topo,topoI,0.25
565,141.25,topo,gyrase,0.25
565,141.25,RNAP,RNAP,1.0
565,141.25,mRNA,tetA,1.0
566,141.5,topo,topoI,0.25
566,141.5,topo,gyrase,0.25
566,141.5,RNAP,RNAP,1.0
566,141.5,mRNA,tetA,1.0
567,141.75,topo,topoI,0.25
567,141.75,topo,gyrase,0.25
567,141.75,RNAP,RNAP,1.0
567,141.75,mRNA,tetA,1.0
568,142.0,topo,topoI,0.25
568,142.0,topo,gyrase,0.25
568,142.0,RNAP,RNAP,1.0
568,142.0,mRNA,tetA,1.0
569,142.25,topo,topoI,0.25
569,142.25,topo,gyrase,0.25
569,142.25,RNAP,RNAP,1.0
569,142.25,mRNA,tetA,1.0
570,142.5,topo,topoI,0.25
570,142.5,topo,gyrase,0.25
570,142.5,RNAP,RNAP,1.0
570,142.5,mRNA,tetA,1.0
571,142.75,topo,topoI,0.25
571,142.75,topo,gyrase,0.25
571,142.75,RNAP,RNAP,1.0
571,142.75,mRNA,tetA,1.0
572,143.0,topo,topoI,0.25
572,143.0,topo,gyrase,0.25
572,143.0,RNAP,RNAP,1.0
572,143.0,mRNA,tetA,1.0
573,143.25,topo,topoI,0.25
573,143.25,topo,gyrase,0.25
573,143.25,RNAP,RNAP,1.0
573,143.25,mRNA,tetA,1.0
574,143.5,topo,topoI,0.25
574,143.5,topo,gyrase,0.25
574,143.5,RNAP,RNAP,1.0
574,143.5,mRNA,tetA,1.0
575,143.75,topo,topoI,0.25
575,143.75,topo,gyrase,0.25
575,143.75,RNAP,RNAP,1.0
575,143.75,mRNA,tetA,1.0
576,144.0,topo,topoI,0.25
576,144.0,topo,gyrase,0.25
576,144.0,RNAP,RNAP,1.0
576,144.0,mRNA,tetA,1.0
577,144.25,topo,topoI,0.25
577,144.25,topo,gyrase,0.25
577,144.25,RNAP,RNAP,1.0
577,144.25,mRNA,tetA,1.0
578,144.5,topo,topoI,0.25
578,144.5,topo,gyrase,0.25
578,144.5,RNAP,RNAP,1.0
578,144.5,mRNA,tetA,1.0
579,144.75,topo,topoI,0.25
579,144.75,topo,gyrase,0.25
579,144.75,RNAP,RNAP,1.0
579,144.75,mRNA,tetA,1.0
580,145.0,topo,topoI,0.25
580,145.0,topo,gyrase,0.25
580,145.0,RNAP,RNAP,1.0
580,145.0,mRNA,tetA,1.0
581,145.25,topo,topoI,0.25
581,145.25,topo,gyrase,0.25
581,145.25,RNAP,RNAP,1.0
581,145.25,mRNA,tetA,1.0
582,145.5,topo,topoI,0.25
582,145.5,topo,gyrase,0.25
582,145.5,RNAP,RNAP,1.0
582,145.5,mRNA,tetA,1.0
583,145.75,topo,topoI,0.25
583,145.75,topo,gyrase,0.25
583,145.75,RNAP,RNAP,1.0
583,145.75,mRNA,tetA,1.0
584,146.0,topo,topoI,0.25
584,146.0,topo,gyrase,0.25
584,146.0,RNAP,RNAP,1.0
584,146.0,mRNA,tetA,1.0
585,146.25,topo,topoI,0.25
585,146.25,topo,gyrase,0.25
585,146.25,RNAP,RNAP,1.0
585,146.25,mRNA,tetA,1.0
586,146.5,topo,topoI,0.25
586,146.5,topo,gyrase,0.25
586,146.5,RNAP,RNAP,1.0
586,146.5,mRNA,tetA,1.0
587,146.75,topo,topoI,0.25
587,146.75,topo,gyrase,0.25
587,146.75,RNAP,RNAP,1.0
587,146.75,mRNA,tetA,1.0
588,147.0,topo,topoI,0.25
588,147.0,topo,gyrase,0.25
588,147.0,RNAP,RNAP,1.0
588,147.0,mRNA,tetA,1.0
589,147.25,topo,topoI,0.25
589,147.25,topo,gyrase,0.25
589,147.25,RNAP,RNAP,1.0
589,147.25,mRNA,tetA,1.0
590,147.5,topo,topoI,0.25
590,147.5,topo,gyrase,0.25
590,147.5,RNAP,RNAP,1.0
590,147.5,mRNA,tetA,1.0
591,147.75,topo,topoI,0.25
591,147.75,topo,gyrase,0.25
591,147.75,RNAP,RNAP,1.0
591,147.75,mRNA,tetA,1.0
592,148.0,topo,topoI,0.25
592,148.0,topo,gyrase,0.25
592,148.0,RNAP,RNAP,1.0
592,148.0,mRNA,tetA,1.0
593,148.25,topo,topoI,0.25
593,148.25,topo,gyrase,0.25
593,148.25,RNAP,RNAP,1.0
593,148.25,mRNA,tetA,1.0
594,148.5,topo,topoI,0.25
594,148.5,topo,gyrase,0.25
594,148.5,RNAP,RNAP,1.0
594,148.5,mRNA,tetA,1.0
595,148.75,topo,topoI,0.25
595,148.75,topo,gyrase,0.25
595,148.75,RNAP,RNAP,1.0
595,148.75,mRNA,tetA,1.0
596,149.0,topo,topoI,0.25
596,149.0,topo,gyrase,0.25
596,149.0,RNAP,RNAP,1.0
596,149.0,mRNA,tetA,1.0
597,149.25,topo,topoI,0.25
597,149.25,topo,gyrase,0.25
597,149.25,RNAP,RNAP,1.0
597,149.25,mRNA,tetA,1.0
598,149.5,topo,topoI,0.25
598,149.5,topo,gyrase,0.25
598,149.5,RNAP,RNAP,1.0
598,149.5,mRNA,tetA,1.0
599,149.75,topo,topoI,0.25
599,149.75,topo,gyrase,0.25
599,149.75,RNAP,RNAP,1.0
599,149.75,mRNA,tetA,1.0
600,150.0,topo,topoI,0.25
600,150.0,topo,gyrase,0.25
600,150.0,RNAP,RNAP,1.0
600,150.0,mRNA,tetA,1.0
601,150.25,topo,topoI,0.25
601,150.25,topo,gyrase,0.25
601,150.25,RNAP,RNAP,1.0
601,150.25,mRNA,tetA,1.0
602,150.5,topo,topoI,0.25
602,150.5,topo,gyrase,0.25
602,150.5,RNAP,RNAP,1.0
602,150.5,mRNA,tetA,1.0
603,150.75,topo,topoI,0.25
603,150.75,topo,gyrase,0.25
603,150.75,RNAP,RNAP,1.0
603,150.75,mRNA,tetA,1.0
604,151.0,topo,topoI,0.25
604,151.0,topo,gyrase,0.25
604,151.0,RNAP,RNAP,1.0
604,151.0,mRNA,tetA,1.0
605,151.25,topo,topoI,0.25
605,151.25,topo,gyrase,0.25
605,151.25,RNAP,RNAP,1.0
605,151.25,mRNA,tetA,1.0
606,151.5,topo,topoI,0.25
606,151.5,topo,gyrase,0.25
606,151.5,RNAP,RNAP,1.0
606,151.5,mRNA,tetA,1.0
607,151.75,topo,topoI,0.25
607,151.75,topo,gyrase,0.25
607,151.75,RNAP,RNAP,1.0
607,151.75,mRNA,tetA,1.0
608,152.0,topo,topoI,0.25
608,152.0,topo,gyrase,0.25
608,152.0,RNAP,RNAP,1.0
608,152.0,mRNA,tetA,1.0
609,152.25,topo,topoI,0.25
609,152.25,topo,gyrase,0.25
609,152.25,RNAP,RNAP,1.0
609,152.25,mRNA,tetA,1.0
610,152.5,topo,topoI,0.25
610,152.5,topo,gyrase,0.25
610,152.5,RNAP,RNAP,1.0
610,152.5,mRNA,tetA,1.0
611,152.75,topo,topoI,0.25
611,152.75,topo,gyrase,0.25
611,152.75,RNAP,RNAP,1.0
611,152.75,mRNA,tetA,1.0
612,153.0,topo,topoI,0.25
612,153.0,topo,gyrase,0.25
612,153.0,RNAP,RNAP,1.0
612,153.0,mRNA,tetA,1.0
613,153.25,topo,topoI,0.25
613,153.25,topo,gyrase,0.25
613,153.25,RNAP,RNAP,1.0
613,153.25,mRNA,tetA,1.0
614,153.5,topo,topoI,0.25
614,153.5,topo,gyrase,0.25
614,153.5,RNAP,RNAP,1.0
614,153.5,mRNA,tetA,1.0
615,153.75,topo,topoI,0.25
615,153.75,topo,gyrase,0.25
615,153.75,RNAP,RNAP,1.0
615,153.75,mRNA,tetA,1.0
616,154.0,topo,topoI,0.25
616,154.0,topo,gyrase,0.25
616,154.0,RNAP,RNAP,1.0
616,154.0,mRNA,tetA,1.0
617,154.25,topo,topoI,0.25
617,154.25,topo,gyrase,0.25
617,154.25,RNAP,RNAP,1.0
617,154.25,mRNA,tetA,1.0
618,154.5,topo,topoI,0.25
618,154.5,topo,gyrase,0.25
618,154.5,RNAP,RNAP,1.0
618,154.5,mRNA,tetA,1.0
619,154.75,topo,topoI,0.25
619,154.75,topo,gyrase,0.25
619,154.75,RNAP,RNAP,1.0
619,154.75,mRNA,tetA,1.0
620,155.0,topo,topoI,0.25
620,155.0,topo,gyrase,0.25
620,155.0,RNAP,RNAP,1.0
620,155.0,mRNA,tetA,1.0
621,155.25,topo,topoI,0.25
621,155.25,topo,gyrase,0.25
621,155.25,RNAP,RNAP,1.0
621,155.25,mRNA,tetA,1.0
622,155.5,topo,topoI,0.25
622,155.5,topo,gyrase,0.25
622,155.5,RNAP,RNAP,1.0
622,155.5,mRNA,tetA,1.0
623,155.75,topo,topoI,0.25
623,155.75,topo,gyrase,0.25
623,155.75,RNAP,RNAP,1.0
623,155.75,mRNA,tetA,1.0
624,156.0,topo,topoI,0.25
624,156.0,topo,gyrase,0.25
624,156.0,RNAP,RNAP,1.0
624,156.0,mRNA,tetA,1.0
625,156.25,topo,topoI,0.25
625,156.25,topo,gyrase,0.25
625,156.25,RNAP,RNAP,1.0
625,156.25,mRNA,tetA,1.0
626,156.5,topo,topoI,0.25
626,156.5,topo,gyrase,0.25
626,156.5,RNAP,RNAP,1.0
626,156.5,mRNA,tetA,1.0
627,156.75,topo,topoI,0.25
627,156.75,topo,gyrase,0.25
627,156.75,RNAP,RNAP,1.0
627,156.75,mRNA,tetA,1.0
628,157.0,topo,topoI,0.25
628,157.0,topo,gyrase,0.25
628,157.0,RNAP,RNAP,1.0
628,157.0,mRNA,tetA,1.0
629,157.25,topo,topoI,0.25
629,157.25,topo,gyrase,0.25
629,157.25,RNAP,RNAP,1.0
629,157.25,mRNA,tetA,1.0
630,157.5,topo,topoI,0.25
630,157.5,topo,gyrase,0.25
630,157.5,RNAP,RNAP,1.0
630,157.5,mRNA,tetA,1.0
631,157.75,topo,topoI,0.25
631,157.75,topo,gyrase,0.25
631,157.75,RNAP,RNAP,1.0
631,157.75,mRNA,tetA,1.0
632,158.0,topo,topoI,0.25
632,158.0,topo,gyrase,0.25
632,158.0,RNAP,RNAP,1.0
632,158.0,mRNA,tetA,1.0
633,158.25,topo,topoI,0.25
633,158.25,topo,gyrase,0.25
633,158.25,RNAP,RNAP,1.0
633,158.25,mRNA,tetA,1.0
634,158.5,topo,topoI,0.25
634,158.5,topo,gyrase,0.25
634,158.5,RNAP,RNAP,1.0
634,158.5,mRNA,tetA,1.0
635,158.75,topo,topoI,0.25
635,158.75,topo,gyrase,0.25
635,158.75,RNAP,RNAP,1.0
635,158.75,mRNA,tetA,1.0
636,159.0,topo,topoI,0.25
636,159.0,topo,gyrase,0.25
636,159.0,RNAP,RNAP,1.0
636,159.0,mRNA,tetA,1.0
637,159.25,topo,topoI,0.25
637,159.25,topo,gyrase,0.25
637,159.25,RNAP,RNAP,1.0
637,159.25,mRNA,tetA,1.0
638,159.5,topo,topoI,0.25
638,159.5,topo,gyrase,0.25
638,159.5,RNAP,RNAP,1.0
638,159.5,mRNA,tetA,1.0
639,159.75,topo,topoI,0.25
639,159.75,topo,gyrase,0.25
639,159.75,RNAP,RNAP,1.0
639,159.75,mRNA,tetA,1.0
640,160.0,topo,topoI,0.25
640,160.0,topo,gyrase,0.25
640,160.0,RNAP,RNAP,1.0
640,160.0,mRNA,tetA,1.0
641,160.25,topo,topoI,0.25
641,160.25,topo,gyrase,0.25
641,160.25,RNAP,RNAP,1.0
641,160.25,mRNA,tetA,1.0
642,160.5,topo,topoI,0.25
642,160.5,topo,gyrase,0.25
642,160.5,RNAP,RNAP,1.0
642,160.5,mRNA,tetA,1.0
643,160.75,topo,topoI,0.25
643,160.75,topo,gyrase,0.25
643,160.75,RNAP,RNAP,1.0
643,160.75,mRNA,tetA,1.0
644,161.0,topo,topoI,0.25
644,161.0,topo,gyrase,0.25
644,161.0,RNAP,RNAP,1.0
644,161.0,mRNA,tetA,1.0
645,161.25,topo,topoI,0.25
645,161.25,topo,gyrase,0.25
645,161.25,RNAP,RNAP,1.0
645,161.25,mRNA,tetA,1.0
646,161.5,topo,topoI,0.25
646,161.5,topo,gyrase,0.25
646,161.5,RNAP,RNAP,1.0
646,161.5,mRNA,tetA,1.0
647,161.75,topo,topoI,0.25
647,161.75,topo,gyrase,0.25
647,161.75,RNAP,RNAP,1.0
647,161.75,mRNA,tetA,1.0
648,162.0,topo,topoI,0.25
648,162.0,topo,gyrase,0.25
648,162.0,RNAP,RNAP,1.0
648,162.0,mRNA,tetA,1.0
649,162.25,topo,topoI,0.25
649,162.25,topo,gyrase,0.25
649,162.25,RNAP,RNAP,1.0
649,162.25,mRNA,tetA,1.0
650,162.5,topo,topoI,0.25
650,162.5,topo,gyrase,0.25
650,162.5,RNAP,RNAP,1.0
650,162.5,mRNA,tetA,1.0
651,162.75,topo,topoI,0.25
651,162.75,topo,gyrase,0.25
651,162.75,RNAP,RNAP,1.0
651,162.75,mRNA,tetA,1.0
652,163.0,topo,topoI,0.25
652,163.0,topo,gyrase,0.25
652,163.0,RNAP,RNAP,1.0
652,163.0,mRNA,tetA,1.0
653,163.25,topo,topoI,0.25
653,163.25,topo,gyrase,0.25
653,163.25,RNAP,RNAP,1.0
653,163.25,mRNA,tetA,1.0
654,163.5,topo,topoI,0.25
654,163.5,topo,gyrase,0.25
654,163.5,RNAP,RNAP,1.0
654,163.5,mRNA,tetA,1.0
655,163.75,topo,topoI,0.25
655,163.75,topo,gyrase,0.25
655,163.75,RNAP,RNAP,1.0
655,163.75,mRNA,tetA,1.0
656,164.0,topo,topoI,0.25
656,164.0,topo,gyrase,0.25
656,164.0,RNAP,RNAP,1.0
656,164.0,mRNA,tetA,1.0
657,164.25,topo,topoI,0.25
657,164.25,topo,gyrase,0.25
657,164.25,RNAP,RNAP,1.0
657,164.25,mRNA,tetA,1.0
658,164.5,topo,topoI,0.25
658,164.5,topo,gyrase,0.25
658,164.5,RNAP,RNAP,1.0
658,164.5,mRNA,tetA,1.0
659,164.75,topo,topoI,0.25
659,164.75,topo,gyrase,0.25
659,164.75,RNAP,RNAP,1.0
659,164.75,mRNA,tetA,1.0
660,165.0,topo,topoI,0.25
660,165.0,topo,gyrase,0.25
660,165.0,RNAP,RNAP,1.0
660,165.0,mRNA,tetA,1.0
661,165.25,topo,topoI,0.25
661,165.25,topo,gyrase,0.25
661,165.25,RNAP,RNAP,1.0
661,165.25,mRNA,tetA,1.0
662,165.5,topo,topoI,0.25
662,165.5,topo,gyrase,0.25
662,165.5,RNAP,RNAP,1.0
662,165.5,mRNA,tetA,1.0
663,165.75,topo,topoI,0.25
663,165.75,topo,gyrase,0.25
663,165.75,RNAP,RNAP,1.0
663,165.75,mRNA,tetA,1.0
664,166.0,topo,topoI,0.25
664,166.0,topo,gyrase,0.25
664,166.0,RNAP,RNAP,1.0
664,166.0,mRNA,tetA,1.0
665,166.25,topo,topoI,0.25
665,166.25,topo,gyrase,0.25
665,166.25,RNAP,RNAP,1.0
665,166.25,mRNA,tetA,1.0
666,166.5,topo,topoI,0.25
666,166.5,topo,gyrase,0.25
666,166.5,RNAP,RNAP,1.0
666,166.5,mRNA,tetA,1.0
667,166.75,topo,topoI,0.25
667,166.75,topo,gyrase,0.25
667,166.75,RNAP,RNAP,1.0
667,166.75,mRNA,tetA,1.0
668,167.0,topo,topoI,0.25
668,167.0,topo,gyrase,0.25
668,167.0,RNAP,RNAP,1.0
668,167.0,mRNA,tetA,1.0
669,167.25,topo,topoI,0.25
669,167.25,topo,gyrase,0.25
669,167.25,RNAP,RNAP,1.0
669,167.25,mRNA,tetA,1.0
670,167.5,topo,topoI,0.25
670,167.5,topo,gyrase,0.25
670,167.5,RNAP,RNAP,1.0
670,167.5,mRNA,tetA,1.0
671,167.75,topo,topoI,0.25
671,167.75,topo,gyrase,0.25
671,167.75,RNAP,RNAP,1.0
671,167.75,mRNA,tetA,1.0
672,168.0,topo,topoI,0.25
672,168.0,topo,gyrase,0.25
672,168.0,RNAP,RNAP,1.0
672,168.0,mRNA,tetA,1.0
673,168.25,topo,topoI,0.25
673,168.25,topo,gyrase,0.25
673,168.25,RNAP,RNAP,1.0
673,168.25,mRNA,tetA,1.0
674,168.5,topo,topoI,0.25
674,168.5,topo,gyrase,0.25
674,168.5,RNAP,RNAP,1.0
674,168.5,mRNA,tetA,1.0
675,168.75,topo,topoI,0.25
675,168.75,topo,gyrase,0.25
675,168.75,RNAP,RNAP,1.0
675,168.75,mRNA,tetA,1.0
676,169.0,topo,topoI,0.25
676,169.0,topo,gyrase,0.25
676,169.0,RNAP,RNAP,1.0
676,169.0,mRNA,tetA,1.0
677,169.25,topo,topoI,0.25
677,169.25,topo,gyrase,0.25
677,169.25,RNAP,RNAP,1.0
677,169.25,mRNA,tetA,1.0
678,169.5,topo,topoI,0.25
678,169.5,topo,gyrase,0.25
678,169.5,RNAP,RNAP,1.0
678,169.5,mRNA,tetA,1.0
679,169.75,topo,topoI,0.25
679,169.75,topo,gyrase,0.25
679,169.75,RNAP,RNAP,1.0
679,169.75,mRNA,tetA,1.0
680,170.0,topo,topoI,0.25
680,170.0,topo,gyrase,0.25
680,170.0,RNAP,RNAP,1.0
680,170.0,mRNA,tetA,1.0
681,170.25,topo,topoI,0.25
681,170.25,topo,gyrase,0.25
681,170.25,RNAP,RNAP,1.0
681,170.25,mRNA,tetA,1.0
682,170.5,topo,topoI,0.25
682,170.5,topo,gyrase,0.25
682,170.5,RNAP,RNAP,1.0
682,170.5,mRNA,tetA,1.0
683,170.75,topo,topoI,0.25
683,170.75,topo,gyrase,0.25
683,170.75,RNAP,RNAP,1.0
683,170.75,mRNA,tetA,1.0
684,171.0,topo,topoI,0.25
684,171.0,topo,gyrase,0.25
684,171.0,RNAP,RNAP,1.0
684,171.0,mRNA,tetA,1.0
685,171.25,topo,topoI,0.25
685,171.25,topo,gyrase,0.25
685,171.25,RNAP,RNAP,1.0
685,171.25,mRNA,tetA,1.0
686,171.5,topo,topoI,0.25
686,171.5,topo,gyrase,0.25
686,171.5,RNAP,RNAP,1.0
686,171.5,mRNA,tetA,1.0
687,171.75,topo,topoI,0.25
687,171.75,topo,gyrase,0.25
687,171.75,RNAP,RNAP,1.0
687,171.75,mRNA,tetA,1.0
688,172.0,topo,topoI,0.25
688,172.0,topo,gyrase,0.25
688,172.0,RNAP,RNAP,1.0
688,172.0,mRNA,tetA,1.0
689,172.25,topo,topoI,0.25
689,172.25,topo,gyrase,0.25
689,172.25,RNAP,RNAP,1.0
689,172.25,mRNA,tetA,1.0
690,172.5,topo,topoI,0.25
690,172.5,topo,gyrase,0.25
690,172.5,RNAP,RNAP,1.0
690,172.5,mRNA,tetA,1.0
691,172.75,topo,topoI,0.25
691,172.75,topo,gyrase,0.25
691,172.75,RNAP,RNAP,1.0
691,172.75,mRNA,tetA,1.0
692,173.0,topo,topoI,0.25
692,173.0,topo,gyrase,0.25
692,173.0,RNAP,RNAP,1.0
692,173.0,mRNA,tetA,1.0
693,173.25,topo,topoI,0.25
693,173.25,topo,gyrase,0.25
693,173.25,RNAP,RNAP,1.0
693,173.25,mRNA,tetA,1.0
694,173.5,topo,topoI,0.25
694,173.5,topo,gyrase,0.25
694,173.5,RNAP,RNAP,1.0
694,173.5,mRNA,tetA,1.0
695,173.75,topo,topoI,0.25
695,173.75,topo,gyrase,0.25
695,173.75,RNAP,RNAP,1.0
695,173.75,mRNA,tetA,1.0
696,174.0,topo,topoI,0.25
696,174.0,topo,gyrase,0.25
696,174.0,RNAP,RNAP,1.0
696,174.0,mRNA,tetA,1.0
697,174.25,topo,topoI,0.25
697,174.25,topo,gyrase,0.25
697,174.25,RNAP,RNAP,1.0
697,174.25,mRNA,tetA,1.0
698,174.5,topo,topoI,0.25
698,174.5,topo,gyrase,0.25
698,174.5,RNAP,RNAP,1.0
698,174.5,mRNA,tetA,1.0
699,174.75,topo,topoI,0.25
699,174.75,topo,gyrase,0.25
699,174.75,RNAP,RNAP,1.0
699,174.75,mRNA,tetA,1.0
700,175.0,topo,topoI,0.25
700,175.0,topo,gyrase,0.25
700,175.0,RNAP,RNAP,1.0
700,175.0,mRNA,tetA,1.0
701,175.25,topo,topoI,0.25
701,175.25,topo,gyrase,0.25
701,175.25,RNAP,RNAP,1.0
701,175.25,mRNA,tetA,1.0
702,175.5,topo,topoI,0.25
702,175.5,topo,gyrase,0.25
702,175.5,RNAP,RNAP,1.0
702,175.5,mRNA,tetA,1.0
703,175.75,topo,topoI,0.25
703,175.75,topo,gyrase,0.25
703,175.75,RNAP,RNAP,1.0
703,175.75,mRNA,tetA,1.0
704,176.0,topo,topoI,0.25
704,176.0,topo,gyrase,0.25
704,176.0,RNAP,RNAP,1.0
704,176.0,mRNA,tetA,1.0
705,176.25,topo,topoI,0.25
705,176.25,topo,gyrase,0.25
705,176.25,RNAP,RNAP,1.0
705,176.25,mRNA,tetA,1.0
706,176.5,topo,topoI,0.25
706,176.5,topo,gyrase,0.25
706,176.5,RNAP,RNAP,1.0
706,176.5,mRNA,tetA,1.0
707,176.75,topo,topoI,0.25
707,176.75,topo,gyrase,0.25
707,176.75,RNAP,RNAP,1.0
707,176.75,mRNA,tetA,1.0
708,177.0,topo,topoI,0.25
708,177.0,topo,gyrase,0.25
708,177.0,RNAP,RNAP,1.0
708,177.0,mRNA,tetA,1.0
709,177.25,topo,topoI,0.25
709,177.25,topo,gyrase,0.25
709,177.25,RNAP,RNAP,1.0
709,177.25,mRNA,tetA,1.0
710,177.5,topo,topoI,0.25
710,177.5,topo,gyrase,0.25
710,177.5,RNAP,RNAP,1.0
710,177.5,mRNA,tetA,1.0
711,177.75,topo,topoI,0.25
711,177.75,topo,gyrase,0.25
711,177.75,RNAP,RNAP,1.0
711,177.75,mRNA,tetA,1.0
712,178.0,topo,topoI,0.25
712,178.0,topo,gyrase,0.25
712,178.0,RNAP,RNAP,1.0
712,178.0,mRNA,tetA,1.0
713,178.25,topo,topoI,0.25
713,178.25,topo,gyrase,0.25
713,178.25,RNAP,RNAP,1.0
713,178.25,mRNA,tetA,1.0
714,178.5,topo,topoI,0.25
714,178.5,topo,gyrase,0.25
714,178.5,RNAP,RNAP,1.0
714,178.5,mRNA,tetA,1.0
715,178.75,topo,topoI,0.25
715,178.75,topo,gyrase,0.25
715,178.75,RNAP,RNAP,1.0
715,178.75,mRNA,tetA,1.0
716,179.0,topo,topoI,0.25
716,179.0,topo,gyrase,0.25
716,179.0,RNAP,RNAP,1.0
716,179.0,mRNA,tetA,1.0
717,179.25,topo,topoI,0.25
717,179.25,topo,gyrase,0.25
717,179.25,RNAP,RNAP,1.0
717,179.25,mRNA,tetA,1.0
718,179.5,topo,topoI,0.25
718,179.5,topo,gyrase,0.25
718,179.5,RNAP,RNAP,1.0
718,179.5,mRNA,tetA,1.0
719,179.75,topo,topoI,0.25
719,179.75,topo,gyrase,0.25
719,179.75,RNAP,RNAP,1.0
719,179.75,mRNA,tetA,1.0
720,180.0,topo,topoI,0.25
720,180.0,topo,gyrase,0.25
720,180.0,RNAP,RNAP,1.0
720,180.0,mRNA,tetA,1.0
721,180.25,topo,topoI,0.25
721,180.25,topo,gyrase,0.25
721,180.25,RNAP,RNAP,1.0
721,180.25,mRNA,tetA,1.0
722,180.5,topo,topoI,0.25
722,180.5,topo,gyrase,0.25
722,180.5,RNAP,RNAP,1.0
722,180.5,mRNA,tetA,1.0
723,180.75,topo,topoI,0.25
723,180.75,topo,gyrase,0.25
723,180.75,RNAP,RNAP,1.0
723,180.75,mRNA,tetA,1.0
724,181.0,topo,topoI,0.25
724,181.0,topo,gyrase,0.25
724,181.0,RNAP,RNAP,1.0
724,181.0,mRNA,tetA,1.0
725,181.25,topo,topoI,0.25
725,181.25,topo,gyrase,0.25
725,181.25,RNAP,RNAP,1.0
725,181.25,mRNA,tetA,1.0
726,181.5,topo,topoI,0.25
726,181.5,topo,gyrase,0.25
726,181.5,RNAP,RNAP,1.0
726,181.5,mRNA,tetA,1.0
727,181.75,topo,topoI,0.25
727,181.75,topo,gyrase,0.25
727,181.75,RNAP,RNAP,1.0
727,181.75,mRNA,tetA,1.0
728,182.0,topo,topoI,0.25
728,182.0,topo,gyrase,0.25
728,182.0,RNAP,RNAP,1.0
728,182.0,mRNA,tetA,1.0
729,182.25,topo,topoI,0.25
729,182.25,topo,gyrase,0.25
729,182.25,RNAP,RNAP,1.0
729,182.25,mRNA,tetA,1.0
730,182.5,topo,topoI,0.25
730,182.5,topo,gyrase,0.25
730,182.5,RNAP,RNAP,1.0
730,182.5,mRNA,tetA,1.0
731,182.75,topo,topoI,0.25
731,182.75,topo,gyrase,0.25
731,182.75,RNAP,RNAP,1.0
731,182.75,mRNA,tetA,1.0
732,183.0,topo,topoI,0.25
732,183.0,topo,gyrase,0.25
732,183.0,RNAP,RNAP,1.0
732,183.0,mRNA,tetA,1.0
733,183.25,topo,topoI,0.25
733,183.25,topo,gyrase,0.25
733,183.25,RNAP,RNAP,1.0
733,183.25,mRNA,tetA,1.0
734,183.5,topo,topoI,0.25
734,183.5,topo,gyrase,0.25
734,183.5,RNAP,RNAP,1.0
734,183.5,mRNA,tetA,1.0
735,183.75,topo,topoI,0.25
735,183.75,topo,gyrase,0.25
735,183.75,RNAP,RNAP,1.0
735,183.75,mRNA,tetA,1.0
736,184.0,topo,topoI,0.25
736,184.0,topo,gyrase,0.25
736,184.0,RNAP,RNAP,1.0
736,184.0,mRNA,tetA,1.0
737,184.25,topo,topoI,0.25
737,184.25,topo,gyrase,0.25
737,184.25,RNAP,RNAP,1.0
737,184.25,mRNA,tetA,1.0
738,184.5,topo,topoI,0.25
738,184.5,topo,gyrase,0.25
738,184.5,RNAP,RNAP,1.0
738,184.5,mRNA,tetA,1.0
739,184.75,topo,topoI,0.25
739,184.75,topo,gyrase,0.25
739,184.75,RNAP,RNAP,1.0
739,184.75,mRNA,tetA,1.0
740,185.0,topo,topoI,0.25
740,185.0,topo,gyrase,0.25
740,185.0,RNAP,RNAP,1.0
740,185.0,mRNA,tetA,1.0
741,185.25,topo,topoI,0.25
741,185.25,topo,gyrase,0.25
741,185.25,RNAP,RNAP,1.0
741,185.25,mRNA,tetA,1.0
742,185.5,topo,topoI,0.25
742,185.5,topo,gyrase,0.25
742,185.5,RNAP,RNAP,1.0
742,185.5,mRNA,tetA,1.0
743,185.75,topo,topoI,0.25
743,185.75,topo,gyrase,0.25
743,185.75,RNAP,RNAP,1.0
743,185.75,mRNA,tetA,1.0
744,186.0,topo,topoI,0.25
744,186.0,topo,gyrase,0.25
744,186.0,RNAP,RNAP,1.0
744,186.0,mRNA,tetA,1.0
745,186.25,topo,topoI,0.25
745,186.25,topo,gyrase,0.25
745,186.25,RNAP,RNAP,1.0
745,186.25,mRNA,tetA,1.0
746,186.5,topo,topoI,0.25
746,186.5,topo,gyrase,0.25
746,186.5,RNAP,RNAP,1.0
746,186.5,mRNA,tetA,1.0
747,186.75,topo,topoI,0.25
747,186.75,topo,gyrase,0.25
747,186.75,RNAP,RNAP,1.0
747,186.75,mRNA,tetA,1.0
748,187.0,topo,topoI,0.25
748,187.0,topo,gyrase,0.25
748,187.0,RNAP,RNAP,1.0
748,187.0,mRNA,tetA,1.0
749,187.25,topo,topoI,0.25
749,187.25,topo,gyrase,0.25
749,187.25,RNAP,RNAP,1.0
749,187.25,mRNA,tetA,1.0
750,187.5,topo,topoI,0.25
750,187.5,topo,gyrase,0.25
750,187.5,RNAP,RNAP,1.0
750,187.5,mRNA,tetA,1.0
751,187.75,topo,topoI,0.25
751,187.75,topo,gyrase,0.25
751,187.75,RNAP,RNAP,1.0
751,187.75,mRNA,tetA,1.0
752,188.0,topo,topoI,0.25
752,188.0,topo,gyrase,0.25
752,188.0,RNAP,RNAP,1.0
752,188.0,mRNA,tetA,1.0
753,188.25,topo,topoI,0.25
753,188.25,topo,gyrase,0.25
753,188.25,RNAP,RNAP,1.0
753,188.25,mRNA,tetA,1.0
754,188.5,topo,topoI,0.25
754,188.5,topo,gyrase,0.25
754,188.5,RNAP,RNAP,1.0
754,188.5,mRNA,tetA,1.0
755,188.75,topo,topoI,0.25
755,188.75,topo,gyrase,0.25
755,188.75,RNAP,RNAP,1.0
755,188.75,mRNA,tetA,1.0
756,189.0,topo,topoI,0.25
756,189.0,topo,gyrase,0.25
756,189.0,RNAP,RNAP,1.0
756,189.0,mRNA,tetA,1.0
757,189.25,topo,topoI,0.25
757,189.25,topo,gyrase,0.25
757,189.25,RNAP,RNAP,1.0
757,189.25,mRNA,tetA,1.0
758,189.5,topo,topoI,0.25
758,189.5,topo,gyrase,0.25
758,189.5,RNAP,RNAP,1.0
758,189.5,mRNA,tetA,1.0
759,189.75,topo,topoI,0.25
759,189.75,topo,gyrase,0.25
759,189.75,RNAP,RNAP,1.0
759,189.75,mRNA,tetA,1.0
760,190.0,topo,topoI,0.25
760,190.0,topo,gyrase,0.25
760,190.0,RNAP,RNAP,1.0
760,190.0,mRNA,tetA,1.0
761,190.25,topo,topoI,0.25
761,190.25,topo,gyrase,0.25
761,190.25,RNAP,RNAP,1.0
761,190.25,mRNA,tetA,1.0
762,190.5,topo,topoI,0.25
762,190.5,topo,gyrase,0.25
762,190.5,RNAP,RNAP,1.0
762,190.5,mRNA,tetA,1.0
763,190.75,topo,topoI,0.25
763,190.75,topo,gyrase,0.25
763,190.75,RNAP,RNAP,1.0
763,190.75,mRNA,tetA,1.0
764,191.0,topo,topoI,0.25
764,191.0,topo,gyrase,0.25
764,191.0,RNAP,RNAP,1.0
764,191.0,mRNA,tetA,1.0
765,191.25,topo,topoI,0.25
765,191.25,topo,gyrase,0.25
765,191.25,RNAP,RNAP,1.0
765,191.25,mRNA,tetA,1.0
766,191.5,topo,topoI,0.25
766,191.5,topo,gyrase,0.25
766,191.5,RNAP,RNAP,1.0
766,191.5,mRNA,tetA,1.0
767,191.75,topo,topoI,0.25
767,191.75,topo,gyrase,0.25
767,191.75,RNAP,RNAP,1.0
767,191.75,mRNA,tetA,1.0
768,192.0,topo,topoI,0.25
768,192.0,topo,gyrase,0.25
768,192.0,RNAP,RNAP,1.0
768,192.0,mRNA,tetA,1.0
769,192.25,topo,topoI,0.25
769,192.25,topo,gyrase,0.25
769,192.25,RNAP,RNAP,1.0
769,192.25,mRNA,tetA,1.0
770,192.5,topo,topoI,0.25
770,192.5,topo,gyrase,0.25
770,192.5,RNAP,RNAP,1.0
770,192.5,mRNA,tetA,1.0
771,192.75,topo,topoI,0.25
771,192.75,topo,gyrase,0.25
771,192.75,RNAP,RNAP,1.0
771,192.75,mRNA,tetA,1.0
772,193.0,topo,topoI,0.25
772,193.0,topo,gyrase,0.25
772,193.0,RNAP,RNAP,1.0
772,193.0,mRNA,tetA,1.0
773,193.25,topo,topoI,0.25
773,193.25,topo,gyrase,0.25
773,193.25,RNAP,RNAP,1.0
773,193.25,mRNA,tetA,1.0
774,193.5,topo,topoI,0.25
774,193.5,topo,gyrase,0.25
774,193.5,RNAP,RNAP,1.0
774,193.5,mRNA,tetA,1.0
775,193.75,topo,topoI,0.25
775,193.75,topo,gyrase,0.25
775,193.75,RNAP,RNAP,1.0
775,193.75,mRNA,tetA,1.0
776,194.0,topo,topoI,0.25
776,194.0,topo,gyrase,0.25
776,194.0,RNAP,RNAP,1.0
776,194.0,mRNA,tetA,1.0
777,194.25,topo,topoI,0.25
777,194.25,topo,gyrase,0.25
777,194.25,RNAP,RNAP,1.0
777,194.25,mRNA,tetA,1.0
778,194.5,topo,topoI,0.25
778,194.5,topo,gyrase,0.25
778,194.5,RNAP,RNAP,1.0
778,194.5,mRNA,tetA,1.0
779,194.75,topo,topoI,0.25
779,194.75,topo,gyrase,0.25
779,194.75,RNAP,RNAP,1.0
779,194.75,mRNA,tetA,1.0
780,195.0,topo,topoI,0.25
780,195.0,topo,gyrase,0.25
780,195.0,RNAP,RNAP,1.0
780,195.0,mRNA,tetA,1.0
781,195.25,topo,topoI,0.25
781,195.25,topo,gyrase,0.25
781,195.25,RNAP,RNAP,1.0
781,195.25,mRNA,tetA,1.0
782,195.5,topo,topoI,0.25
782,195.5,topo,gyrase,0.25
782,195.5,RNAP,RNAP,1.0
782,195.5,mRNA,tetA,1.0
783,195.75,topo,topoI,0.25
783,195.75,topo,gyrase,0.25
783,195.75,RNAP,RNAP,1.0
783,195.75,mRNA,tetA,1.0
784,196.0,topo,topoI,0.25
784,196.0,topo,gyrase,0.25
784,196.0,RNAP,RNAP,1.0
784,196.0,mRNA,tetA,1.0
785,196.25,topo,topoI,0.25
785,196.25,topo,gyrase,0.25
785,196.25,RNAP,RNAP,1.0
785,196.25,mRNA,tetA,1.0
786,196.5,topo,topoI,0.25
786,196.5,topo,gyrase,0.25
786,196.5,RNAP,RNAP,1.0
786,196.5,mRNA,tetA,1.0
787,196.75,topo,topoI,0.25
787,196.75,topo,gyrase,0.25
787,196.75,RNAP,RNAP,1.0
787,196.75,mRNA,tetA,1.0
788,197.0,topo,topoI,0.25
788,197.0,topo,gyrase,0.25
788,197.0,RNAP,RNAP,1.0
788,197.0,mRNA,tetA,1.0
789,197.25,topo,topoI,0.25
789,197.25,topo,gyrase,0.25
789,197.25,RNAP,RNAP,1.0
789,197.25,mRNA,tetA,1.0
790,197.5,topo,topoI,0.25
790,197.5,topo,gyrase,0.25
790,197.5,RNAP,RNAP,1.0
790,197.5,mRNA,tetA,1.0
791,197.75,topo,topoI,0.25
791,197.75,topo,gyrase,0.25
791,197.75,RNAP,RNAP,1.0
791,197.75,mRNA,tetA,1.0
792,198.0,topo,topoI,0.25
792,198.0,topo,gyrase,0.25
792,198.0,RNAP,RNAP,1.0
792,198.0,mRNA,tetA,1.0
793,198.25,topo,topoI,0.25
793,198.25,topo,gyrase,0.25
793,198.25,RNAP,RNAP,1.0
793,198.25,mRNA,tetA,1.0
794,198.5,topo,topoI,0.25
794,198.5,topo,gyrase,0.25
794,198.5,RNAP,RNAP,1.0
794,198.5,mRNA,tetA,1.0
795,198.75,topo,topoI,0.25
795,198.75,topo,gyrase,0.25
795,198.75,RNAP,RNAP,1.0
795,198.75,mRNA,tetA,1.0
796,199.0,topo,topoI,0.25
796,199.0,topo,gyrase,0.25
796,199.0,RNAP,RNAP,1.0
796,199.0,mRNA,tetA,1.0
797,199.25,topo,topoI,0.25
797,199.25,topo,gyrase,0.25
797,199.25,RNAP,RNAP,1.0
797,199.25,mRNA,tetA,1.0
798,199.5,topo,topoI,0.25
798,199.5,topo,gyrase,0.25
798,199.5,RNAP,RNAP,1.0
798,199.5,mRNA,tetA,1.0
799,199.75,topo,topoI,0.25
799,199.75,topo,gyrase,0.25
799,199.75,RNAP,RNAP,1.0
799,199.75,mRNA,tetA,1.0
800,200.0,topo,topoI,0.25
800,200.0,topo,gyrase,0.25
800,200.0,RNAP,RNAP,1.0
800,200.0,mRNA,tetA,1.0
801,200.25,topo,topoI,0.25
801,200.25,topo,gyrase,0.25
801,200.25,RNAP,RNAP,1.0
801,200.25,mRNA,tetA,1.0
802,200.5,topo,topoI,0.25
802,200.5,topo,gyrase,0.25
802,200.5,RNAP,RNAP,1.0
802,200.5,mRNA,tetA,1.0
803,200.75,topo,topoI,0.25
803,200.75,topo,gyrase,0.25
803,200.75,RNAP,RNAP,1.0
803,200.75,mRNA,tetA,1.0
804,201.0,topo,topoI,0.25
804,201.0,topo,gyrase,0.25
804,201.0,RNAP,RNAP,1.0
804,201.0,mRNA,tetA,1.0
805,201.25,topo,topoI,0.25
805,201.25,topo,gyrase,0.25
805,201.25,RNAP,RNAP,1.0
805,201.25,mRNA,tetA,1.0
806,201.5,topo,topoI,0.25
806,201.5,topo,gyrase,0.25
806,201.5,RNAP,RNAP,1.0
806,201.5,mRNA,tetA,1.0
807,201.75,topo,topoI,0.25
807,201.75,topo,gyrase,0.25
807,201.75,RNAP,RNAP,1.0
807,201.75,mRNA,tetA,1.0
808,202.0,topo,topoI,0.25
808,202.0,topo,gyrase,0.25
808,202.0,RNAP,RNAP,1.0
808,202.0,mRNA,tetA,1.0
809,202.25,topo,topoI,0.25
809,202.25,topo,gyrase,0.25
809,202.25,RNAP,RNAP,1.0
809,202.25,mRNA,tetA,1.0
810,202.5,topo,topoI,0.25
810,202.5,topo,gyrase,0.25
810,202.5,RNAP,RNAP,1.0
810,202.5,mRNA,tetA,1.0
811,202.75,topo,topoI,0.25
811,202.75,topo,gyrase,0.25
811,202.75,RNAP,RNAP,1.0
811,202.75,mRNA,tetA,1.0
812,203.0,topo,topoI,0.25
812,203.0,topo,gyrase,0.25
812,203.0,RNAP,RNAP,1.0
812,203.0,mRNA,tetA,1.0
813,203.25,topo,topoI,0.25
813,203.25,topo,gyrase,0.25
813,203.25,RNAP,RNAP,1.0
813,203.25,mRNA,tetA,1.0
814,203.5,topo,topoI,0.25
814,203.5,topo,gyrase,0.25
814,203.5,RNAP,RNAP,1.0
814,203.5,mRNA,tetA,1.0
815,203.75,topo,topoI,0.25
815,203.75,topo,gyrase,0.25
815,203.75,RNAP,RNAP,1.0
815,203.75,mRNA,tetA,1.0
816,204.0,topo,topoI,0.25
816,204.0,topo,gyrase,0.25
816,204.0,RNAP,RNAP,1.0
816,204.0,mRNA,tetA,1.0
817,204.25,topo,topoI,0.25
817,204.25,topo,gyrase,0.25
817,204.25,RNAP,RNAP,1.0
817,204.25,mRNA,tetA,1.0
818,204.5,topo,topoI,0.25
818,204.5,topo,gyrase,0.25
818,204.5,RNAP,RNAP,1.0
818,204.5,mRNA,tetA,1.0
819,204.75,topo,topoI,0.25
819,204.75,topo,gyrase,0.25
819,204.75,RNAP,RNAP,1.0
819,204.75,mRNA,tetA,1.0
820,205.0,topo,topoI,0.25
820,205.0,topo,gyrase,0.25
820,205.0,RNAP,RNAP,1.0
820,205.0,mRNA,tetA,1.0
821,205.25,topo,topoI,0.25
821,205.25,topo,gyrase,0.25
821,205.25,RNAP,RNAP,1.0
821,205.25,mRNA,tetA,1.0
822,205.5,topo,topoI,0.25
822,205.5,topo,gyrase,0.25
822,205.5,RNAP,RNAP,1.0
822,205.5,mRNA,tetA,1.0
823,205.75,topo,topoI,0.25
823,205.75,topo,gyrase,0.25
823,205.75,RNAP,RNAP,1.0
823,205.75,mRNA,tetA,1.0
824,206.0,topo,topoI,0.25
824,206.0,topo,gyrase,0.25
824,206.0,RNAP,RNAP,1.0
824,206.0,mRNA,tetA,1.0
825,206.25,topo,topoI,0.25
825,206.25,topo,gyrase,0.25
825,206.25,RNAP,RNAP,1.0
825,206.25,mRNA,tetA,1.0
826,206.5,topo,topoI,0.25
826,206.5,topo,gyrase,0.25
826,206.5,RNAP,RNAP,1.0
826,206.5,mRNA,tetA,1.0
827,206.75,topo,topoI,0.25
827,206.75,topo,gyrase,0.25
827,206.75,RNAP,RNAP,1.0
827,206.75,mRNA,tetA,1.0
828,207.0,topo,topoI,0.25
828,207.0,topo,gyrase,0.25
828,207.0,RNAP,RNAP,1.0
828,207.0,mRNA,tetA,1.0
829,207.25,topo,topoI,0.25
829,207.25,topo,gyrase,0.25
829,207.25,RNAP,RNAP,1.0
829,207.25,mRNA,tetA,1.0
830,207.5,topo,topoI,0.25
830,207.5,topo,gyrase,0.25
830,207.5,RNAP,RNAP,1.0
830,207.5,mRNA,tetA,1.0
831,207.75,topo,topoI,0.25
831,207.75,topo,gyrase,0.25
831,207.75,RNAP,RNAP,1.0
831,207.75,mRNA,tetA,1.0
832,208.0,topo,topoI,0.25
832,208.0,topo,gyrase,0.25
832,208.0,RNAP,RNAP,1.0
832,208.0,mRNA,tetA,1.0
833,208.25,topo,topoI,0.25
833,208.25,topo,gyrase,0.25
833,208.25,RNAP,RNAP,1.0
833,208.25,mRNA,tetA,1.0
834,208.5,topo,topoI,0.25
834,208.5,topo,gyrase,0.25
834,208.5,RNAP,RNAP,1.0
834,208.5,mRNA,tetA,1.0
835,208.75,topo,topoI,0.25
835,208.75,topo,gyrase,0.25
835,208.75,RNAP,RNAP,1.0
835,208.75,mRNA,tetA,1.0
836,209.0,topo,topoI,0.25
836,209.0,topo,gyrase,0.25
836,209.0,RNAP,RNAP,1.0
836,209.0,mRNA,tetA,1.0
837,209.25,topo,topoI,0.25
837,209.25,topo,gyrase,0.25
837,209.25,RNAP,RNAP,1.0
837,209.25,mRNA,tetA,1.0
838,209.5,topo,topoI,0.25
838,209.5,topo,gyrase,0.25
838,209.5,RNAP,RNAP,1.0
838,209.5,mRNA,tetA,1.0
839,209.75,topo,topoI,0.25
839,209.75,topo,gyrase,0.25
839,209.75,RNAP,RNAP,1.0
839,209.75,mRNA,tetA,1.0
840,210.0,topo,topoI,0.25
840,210.0,topo,gyrase,0.25
840,210.0,RNAP,RNAP,1.0
840,210.0,mRNA,tetA,1.0
841,210.25,topo,topoI,0.25
841,210.25,topo,gyrase,0.25
841,210.25,RNAP,RNAP,1.0
841,210.25,mRNA,tetA,1.0
842,210.5,topo,topoI,0.25
842,210.5,topo,gyrase,0.25
842,210.5,RNAP,RNAP,1.0
842,210.5,mRNA,tetA,1.0
843,210.75,topo,topoI,0.25
843,210.75,topo,gyrase,0.25
843,210.75,RNAP,RNAP,1.0
843,210.75,mRNA,tetA,1.0
844,211.0,topo,topoI,0.25
844,211.0,topo,gyrase,0.25
844,211.0,RNAP,RNAP,1.0
844,211.0,mRNA,tetA,1.0
845,211.25,topo,topoI,0.25
845,211.25,topo,gyrase,0.25
845,211.25,RNAP,RNAP,1.0
845,211.25,mRNA,tetA,1.0
846,211.5,topo,topoI,0.25
846,211.5,topo,gyrase,0.25
846,211.5,RNAP,RNAP,1.0
846,211.5,mRNA,tetA,1.0
847,211.75,topo,topoI,0.25
847,211.75,topo,gyrase,0.25
847,211.75,RNAP,RNAP,1.0
847,211.75,mRNA,tetA,1.0
848,212.0,topo,topoI,0.25
848,212.0,topo,gyrase,0.25
848,212.0,RNAP,RNAP,1.0
848,212.0,mRNA,tetA,1.0
849,212.25,topo,topoI,0.25
849,212.25,topo,gyrase,0.25
849,212.25,RNAP,RNAP,1.0
849,212.25,mRNA,tetA,1.0
850,212.5,topo,topoI,0.25
850,212.5,topo,gyrase,0.25
850,212.5,RNAP,RNAP,1.0
850,212.5,mRNA,tetA,1.0
851,212.75,topo,topoI,0.25
851,212.75,topo,gyrase,0.25
851,212.75,RNAP,RNAP,1.0
851,212.75,mRNA,tetA,1.0
852,213.0,topo,topoI,0.25
852,213.0,topo,gyrase,0.25
852,213.0,RNAP,RNAP,1.0
852,213.0,mRNA,tetA,1.0
853,213.25,topo,topoI,0.25
853,213.25,topo,gyrase,0.25
853,213.25,RNAP,RNAP,1.0
853,213.25,mRNA,tetA,1.0
854,213.5,topo,topoI,0.25
854,213.5,topo,gyrase,0.25
854,213.5,RNAP,RNAP,1.0
854,213.5,mRNA,tetA,1.0
855,213.75,topo,topoI,0.25
855,213.75,topo,gyrase,0.25
855,213.75,RNAP,RNAP,1.0
855,213.75,mRNA,tetA,1.0
856,214.0,topo,topoI,0.25
856,214.0,topo,gyrase,0.25
856,214.0,RNAP,RNAP,1.0
856,214.0,mRNA,tetA,1.0
857,214.25,topo,topoI,0.25
857,214.25,topo,gyrase,0.25
857,214.25,RNAP,RNAP,1.0
857,214.25,mRNA,tetA,1.0
858,214.5,topo,topoI,0.25
858,214.5,topo,gyrase,0.25
858,214.5,RNAP,RNAP,1.0
858,214.5,mRNA,tetA,1.0
859,214.75,topo,topoI,0.25
859,214.75,topo,gyrase,0.25
859,214.75,RNAP,RNAP,1.0
859,214.75,mRNA,tetA,1.0
860,215.0,topo,topoI,0.25
860,215.0,topo,gyrase,0.25
860,215.0,RNAP,RNAP,1.0
860,215.0,mRNA,tetA,1.0
861,215.25,topo,topoI,0.25
861,215.25,topo,gyrase,0.25
861,215.25,RNAP,RNAP,1.0
861,215.25,mRNA,tetA,1.0
862,215.5,topo,topoI,0.25
862,215.5,topo,gyrase,0.25
862,215.5,RNAP,RNAP,1.0
862,215.5,mRNA,tetA,1.0
863,215.75,topo,topoI,0.25
863,215.75,topo,gyrase,0.25
863,215.75,RNAP,RNAP,1.0
863,215.75,mRNA,tetA,1.0
864,216.0,topo,topoI,0.25
864,216.0,topo,gyrase,0.25
864,216.0,RNAP,RNAP,1.0
864,216.0,mRNA,tetA,1.0
865,216.25,topo,topoI,0.25
865,216.25,topo,gyrase,0.25
865,216.25,RNAP,RNAP,1.0
865,216.25,mRNA,tetA,2.0
866,216.5,topo,topoI,0.25
866,216.5,topo,gyrase,0.25
866,216.5,RNAP,RNAP,1.0
866,216.5,mRNA,tetA,2.0
867,216.75,topo,topoI,0.25
867,216.75,topo,gyrase,0.25
867,216.75,RNAP,RNAP,1.0
867,216.75,mRNA,tetA,2.0
868,217.0,topo,topoI,0.25
868,217.0,topo,gyrase,0.25
868,217.0,RNAP,RNAP,1.0
868,217.0,mRNA,tetA,2.0
869,217.25,topo,topoI,0.25
869,217.25,topo,gyrase,0.25
869,217.25,RNAP,RNAP,1.0
869,217.25,mRNA,tetA,2.0
870,217.5,topo,topoI,0.25
870,217.5,topo,gyrase,0.25
870,217.5,RNAP,RNAP,1.0
870,217.5,mRNA,tetA,2.0
871,217.75,topo,topoI,0.25
871,217.75,topo,gyrase,0.25
871,217.75,RNAP,RNAP,1.0
871,217.75,mRNA,tetA,2.0
872,218.0,topo,topoI,0.25
872,218.0,topo,gyrase,0.25
872,218.0,RNAP,RNAP,1.0
872,218.0,mRNA,tetA,2.0
873,218.25,topo,topoI,0.25
873,218.25,topo,gyrase,0.25
873,218.25,RNAP,RNAP,1.0
873,218.25,mRNA,tetA,2.0
874,218.5,topo,topoI,0.25
874,218.5,topo,gyrase,0.25
874,218.5,RNAP,RNAP,1.0
874,218.5,mRNA,tetA,2.0
875,218.75,topo,topoI,0.25
875,218.75,topo,gyrase,0.25
875,218.75,RNAP,RNAP,1.0
875,218.75,mRNA,tetA,2.0
876,219.0,topo,topoI,0.25
876,219.0,topo,gyrase,0.25
876,219.0,RNAP,RNAP,1.0
876,219.0,mRNA,tetA,2.0
877,219.25,topo,topoI,0.25
877,219.25,topo,gyrase,0.25
877,219.25,RNAP,RNAP,1.0
877,219.25,mRNA,tetA,2.0
878,219.5,topo,topoI,0.25
878,219.5,topo,gyrase,0.25
878,219.5,RNAP,RNAP,1.0
878,219.5,mRNA,tetA,2.0
879,219.75,topo,topoI,0.25
879,219.75,topo,gyrase,0.25
879,219.75,RNAP,RNAP,1.0
879,219.75,mRNA,tetA,2.0
880,220.0,topo,topoI,0.25
880,220.0,topo,gyrase,0.25
880,220.0,RNAP,RNAP,1.0
880,220.0,mRNA,tetA,2.0
881,220.25,topo,topoI,0.25
881,220.25,topo,gyrase,0.25
881,220.25,RNAP,RNAP,1.0
881,220.25,mRNA,tetA,2.0
882,220.5,topo,topoI,0.25
882,220.5,topo,gyrase,0.25
882,220.5,RNAP,RNAP,1.0
882,220.5,mRNA,tetA,2.0
883,220.75,topo,topoI,0.25
883,220.75,topo,gyrase,0.25
883,220.75,RNAP,RNAP,1.0
883,220.75,mRNA,tetA,2.0
884,221.0,topo,topoI,0.25
884,221.0,topo,gyrase,0.25
884,221.0,RNAP,RNAP,1.0
884,221.0,mRNA,tetA,2.0
885,221.25,topo,topoI,0.25
885,221.25,topo,gyrase,0.25
885,221.25,RNAP,RNAP,1.0
885,221.25,mRNA,tetA,2.0
886,221.5,topo,topoI,0.25
886,221.5,topo,gyrase,0.25
886,221.5,RNAP,RNAP,1.0
886,221.5,mRNA,tetA,2.0
887,221.75,topo,topoI,0.25
887,221.75,topo,gyrase,0.25
887,221.75,RNAP,RNAP,1.0
887,221.75,mRNA,tetA,2.0
888,222.0,topo,topoI,0.25
888,222.0,topo,gyrase,0.25
888,222.0,RNAP,RNAP,1.0
888,222.0,mRNA,tetA,2.0
889,222.25,topo,topoI,0.25
889,222.25,topo,gyrase,0.25
889,222.25,RNAP,RNAP,1.0
889,222.25,mRNA,tetA,2.0
890,222.5,topo,topoI,0.25
890,222.5,topo,gyrase,0.25
890,222.5,RNAP,RNAP,1.0
890,222.5,mRNA,tetA,2.0
891,222.75,topo,topoI,0.25
891,222.75,topo,gyrase,0.25
891,222.75,RNAP,RNAP,1.0
891,222.75,mRNA,tetA,2.0
892,223.0,topo,topoI,0.25
892,223.0,topo,gyrase,0.25
892,223.0,RNAP,RNAP,1.0
892,223.0,mRNA,tetA,2.0
893,223.25,topo,topoI,0.25
893,223.25,topo,gyrase,0.25
893,223.25,RNAP,RNAP,1.0
893,223.25,mRNA,tetA,2.0
894,223.5,topo,topoI,0.25
894,223.5,topo,gyrase,0.25
894,223.5,RNAP,RNAP,1.0
894,223.5,mRNA,tetA,2.0
895,223.75,topo,topoI,0.25
895,223.75,topo,gyrase,0.25
895,223.75,RNAP,RNAP,1.0
895,223.75,mRNA,tetA,2.0
896,224.0,topo,topoI,0.25
896,224.0,topo,gyrase,0.25
896,224.0,RNAP,RNAP,1.0
896,224.0,mRNA,tetA,2.0
897,224.25,topo,topoI,0.25
897,224.25,topo,gyrase,0.25
897,224.25,RNAP,RNAP,1.0
897,224.25,mRNA,tetA,2.0
898,224.5,topo,topoI,0.25
898,224.5,topo,gyrase,0.25
898,224.5,RNAP,RNAP,1.0
898,224.5,mRNA,tetA,2.0
899,224.75,topo,topoI,0.25
899,224.75,topo,gyrase,0.25
899,224.75,RNAP,RNAP,1.0
899,224.75,mRNA,tetA,2.0
900,225.0,topo,topoI,0.25
900,225.0,topo,gyrase,0.25
900,225.0,RNAP,RNAP,1.0
900,225.0,mRNA,tetA,2.0
901,225.25,topo,topoI,0.25
901,225.25,topo,gyrase,0.25
901,225.25,RNAP,RNAP,1.0
901,225.25,mRNA,tetA,2.0
902,225.5,topo,topoI,0.25
902,225.5,topo,gyrase,0.25
902,225.5,RNAP,RNAP,1.0
902,225.5,mRNA,tetA,2.0
903,225.75,topo,topoI,0.25
903,225.75,topo,gyrase,0.25
903,225.75,RNAP,RNAP,1.0
903,225.75,mRNA,tetA,2.0
904,226.0,topo,topoI,0.25
904,226.0,topo,gyrase,0.25
904,226.0,RNAP,RNAP,1.0
904,226.0,mRNA,tetA,2.0
905,226.25,topo,topoI,0.25
905,226.25,topo,gyrase,0.25
905,226.25,RNAP,RNAP,1.0
905,226.25,mRNA,tetA,2.0
906,226.5,topo,topoI,0.25
906,226.5,topo,gyrase,0.25
906,226.5,RNAP,RNAP,1.0
906,226.5,mRNA,tetA,2.0
907,226.75,topo,topoI,0.25
907,226.75,topo,gyrase,0.25
907,226.75,RNAP,RNAP,1.0
907,226.75,mRNA,tetA,2.0
908,227.0,topo,topoI,0.25
908,227.0,topo,gyrase,0.25
908,227.0,RNAP,RNAP,1.0
908,227.0,mRNA,tetA,2.0
909,227.25,topo,topoI,0.25
909,227.25,topo,gyrase,0.25
909,227.25,RNAP,RNAP,1.0
909,227.25,mRNA,tetA,2.0
910,227.5,topo,topoI,0.25
910,227.5,topo,gyrase,0.25
910,227.5,RNAP,RNAP,1.0
910,227.5,mRNA,tetA,2.0
911,227.75,topo,topoI,0.25
911,227.75,topo,gyrase,0.25
911,227.75,RNAP,RNAP,1.0
911,227.75,mRNA,tetA,2.0
912,228.0,topo,topoI,0.25
912,228.0,topo,gyrase,0.25
912,228.0,RNAP,RNAP,1.0
912,228.0,mRNA,tetA,2.0
913,228.25,topo,topoI,0.25
913,228.25,topo,gyrase,0.25
913,228.25,RNAP,RNAP,1.0
913,228.25,mRNA,tetA,2.0
914,228.5,topo,topoI,0.25
914,228.5,topo,gyrase,0.25
914,228.5,RNAP,RNAP,1.0
914,228.5,mRNA,tetA,2.0
915,228.75,topo,topoI,0.25
915,228.75,topo,gyrase,0.25
915,228.75,RNAP,RNAP,1.0
915,228.75,mRNA,tetA,2.0
916,229.0,topo,topoI,0.25
916,229.0,topo,gyrase,0.25
916,229.0,RNAP,RNAP,1.0
916,229.0,mRNA,tetA,2.0
917,229.25,topo,topoI,0.25
917,229.25,topo,gyrase,0.25
917,229.25,RNAP,RNAP,1.0
917,229.25,mRNA,tetA,2.0
918,229.5,topo,topoI,0.25
918,229.5,topo,gyrase,0.25
918,229.5,RNAP,RNAP,1.0
918,229.5,mRNA,tetA,2.0
919,229.75,topo,topoI,0.25
919,229.75,topo,gyrase,0.25
919,229.75,RNAP,RNAP,1.0
919,229.75,mRNA,tetA,2.0
920,230.0,topo,topoI,0.25
920,230.0,topo,gyrase,0.25
920,230.0,RNAP,RNAP,1.0
920,230.0,mRNA,tetA,2.0
921,230.25,topo,topoI,0.25
921,230.25,topo,gyrase,0.25
921,230.25,RNAP,RNAP,1.0
921,230.25,mRNA,tetA,2.0
922,230.5,topo,topoI,0.25
922,230.5,topo,gyrase,0.25
922,230.5,RNAP,RNAP,1.0
922,230.5,mRNA,tetA,2.0
923,230.75,topo,topoI,0.25
923,230.75,topo,gyrase,0.25
923,230.75,RNAP,RNAP,1.0
923,230.75,mRNA,tetA,2.0
924,231.0,topo,topoI,0.25
924,231.0,topo,gyrase,0.25
924,231.0,RNAP,RNAP,1.0
924,231.0,mRNA,tetA,2.0
925,231.25,topo,topoI,0.25
925,231.25,topo,gyrase,0.25
925,231.25,RNAP,RNAP,1.0
925,231.25,mRNA,tetA,2.0
926,231.5,topo,topoI,0.25
926,231.5,topo,gyrase,0.25
926,231.5,RNAP,RNAP,1.0
926,231.5,mRNA,tetA,2.0
927,231.75,topo,topoI,0.25
927,231.75,topo,gyrase,0.25
927,231.75,RNAP,RNAP,1.0
927,231.75,mRNA,tetA,2.0
928,232.0,topo,topoI,0.25
928,232.0,topo,gyrase,0.25
928,232.0,RNAP,RNAP,1.0
928,232.0,mRNA,tetA,2.0
929,232.25,topo,topoI,0.25
929,232.25,topo,gyrase,0.25
929,232.25,RNAP,RNAP,1.0
929,232.25,mRNA,tetA,2.0
930,232.5,topo,topoI,0.25
930,232.5,topo,gyrase,0.25
930,232.5,RNAP,RNAP,1.0
930,232.5,mRNA,tetA,2.0
931,232.75,topo,topoI,0.25
931,232.75,topo,gyrase,0.25
931,232.75,RNAP,RNAP,1.0
931,232.75,mRNA,tetA,2.0
932,233.0,topo,topoI,0.25
932,233.0,topo,gyrase,0.25
932,233.0,RNAP,RNAP,1.0
932,233.0,mRNA,tetA,2.0
933,233.25,topo,topoI,0.25
933,233.25,topo,gyrase,0.25
933,233.25,RNAP,RNAP,1.0
933,233.25,mRNA,tetA,2.0
934,233.5,topo,topoI,0.25
934,233.5,topo,gyrase,0.25
934,233.5,RNAP,RNAP,1.0
934,233.5,mRNA,tetA,2.0
935,233.75,topo,topoI,0.25
935,233.75,topo,gyrase,0.25
935,233.75,RNAP,RNAP,1.0
935,233.75,mRNA,tetA,2.0
936,234.0,topo,topoI,0.25
936,234.0,topo,gyrase,0.25
936,234.0,RNAP,RNAP,1.0
936,234.0,mRNA,tetA,2.0
937,234.25,topo,topoI,0.25
937,234.25,topo,gyrase,0.25
937,234.25,RNAP,RNAP,1.0
937,234.25,mRNA,tetA,2.0
938,234.5,topo,topoI,0.25
938,234.5,topo,gyrase,0.25
938,234.5,RNAP,RNAP,1.0
938,234.5,mRNA,tetA,2.0
939,234.75,topo,topoI,0.25
939,234.75,topo,gyrase,0.25
939,234.75,RNAP,RNAP,1.0
939,234.75,mRNA,tetA,2.0
940,235.0,topo,topoI,0.25
940,235.0,topo,gyrase,0.25
940,235.0,RNAP,RNAP,1.0
940,235.0,mRNA,tetA,2.0
941,235.25,topo,topoI,0.25
941,235.25,topo,gyrase,0.25
941,235.25,RNAP,RNAP,1.0
941,235.25,mRNA,tetA,2.0
942,235.5,topo,topoI,0.25
942,235.5,topo,gyrase,0.25
942,235.5,RNAP,RNAP,1.0
942,235.5,mRNA,tetA,2.0
943,235.75,topo,topoI,0.25
943,235.75,topo,gyrase,0.25
943,235.75,RNAP,RNAP,1.0
943,235.75,mRNA,tetA,2.0
944,236.0,topo,topoI,0.25
944,236.0,topo,gyrase,0.25
944,236.0,RNAP,RNAP,1.0
944,236.0,mRNA,tetA,2.0
945,236.25,topo,topoI,0.25
945,236.25,topo,gyrase,0.25
945,236.25,RNAP,RNAP,1.0
945,236.25,mRNA,tetA,2.0
946,236.5,topo,topoI,0.25
946,236.5,topo,gyrase,0.25
946,236.5,RNAP,RNAP,1.0
946,236.5,mRNA,tetA,2.0
947,236.75,topo,topoI,0.25
947,236.75,topo,gyrase,0.25
947,236.75,RNAP,RNAP,1.0
947,236.75,mRNA,tetA,2.0
948,237.0,topo,topoI,0.25
948,237.0,topo,gyrase,0.25
948,237.0,RNAP,RNAP,1.0
948,237.0,mRNA,tetA,2.0
949,237.25,topo,topoI,0.25
949,237.25,topo,gyrase,0.25
949,237.25,RNAP,RNAP,1.0
949,237.25,mRNA,tetA,2.0
950,237.5,topo,topoI,0.25
950,237.5,topo,gyrase,0.25
950,237.5,RNAP,RNAP,1.0
950,237.5,mRNA,tetA,2.0
951,237.75,topo,topoI,0.25
951,237.75,topo,gyrase,0.25
951,237.75,RNAP,RNAP,1.0
951,237.75,mRNA,tetA,2.0
952,238.0,topo,topoI,0.25
952,238.0,topo,gyrase,0.25
952,238.0,RNAP,RNAP,1.0
952,238.0,mRNA,tetA,2.0
953,238.25,topo,topoI,0.25
953,238.25,topo,gyrase,0.25
953,238.25,RNAP,RNAP,1.0
953,238.25,mRNA,tetA,2.0
954,238.5,topo,topoI,0.25
954,238.5,topo,gyrase,0.25
954,238.5,RNAP,RNAP,1.0
954,238.5,mRNA,tetA,2.0
955,238.75,topo,topoI,0.25
955,238.75,topo,gyrase,0.25
955,238.75,RNAP,RNAP,1.0
955,238.75,mRNA,tetA,2.0
956,239.0,topo,topoI,0.25
956,239.0,topo,gyrase,0.25
956,239.0,RNAP,RNAP,1.0
956,239.0,mRNA,tetA,2.0
957,239.25,topo,topoI,0.25
957,239.25,topo,gyrase,0.25
957,239.25,RNAP,RNAP,1.0
957,239.25,mRNA,tetA,2.0
958,239.5,topo,topoI,0.25
958,239.5,topo,gyrase,0.25
958,239.5,RNAP,RNAP,1.0
958,239.5,mRNA,tetA,2.0
959,239.75,topo,topoI,0.25
959,239.75,topo,gyrase,0.25
959,239.75,RNAP,RNAP,1.0
959,239.75,mRNA,tetA,2.0
960,240.0,topo,topoI,0.25
960,240.0,topo,gyrase,0.25
960,240.0,RNAP,RNAP,1.0
960,240.0,mRNA,tetA,2.0
961,240.25,topo,topoI,0.25
961,240.25,topo,gyrase,0.25
961,240.25,RNAP,RNAP,1.0
961,240.25,mRNA,tetA,2.0
962,240.5,topo,topoI,0.25
962,240.5,topo,gyrase,0.25
962,240.5,RNAP,RNAP,1.0
962,240.5,mRNA,tetA,2.0
963,240.75,topo,topoI,0.25
963,240.75,topo,gyrase,0.25
963,240.75,RNAP,RNAP,1.0
963,240.75,mRNA,tetA,2.0
964,241.0,topo,topoI,0.25
964,241.0,topo,gyrase,0.25
964,241.0,RNAP,RNAP,1.0
964,241.0,mRNA,tetA,2.0
965,241.25,topo,topoI,0.25
965,241.25,topo,gyrase,0.25
965,241.25,RNAP,RNAP,1.0
965,241.25,mRNA,tetA,2.0
966,241.5,topo,topoI,0.25
966,241.5,topo,gyrase,0.25
966,241.5,RNAP,RNAP,1.0
966,241.5,mRNA,tetA,2.0
967,241.75,topo,topoI,0.25
967,241.75,topo,gyrase,0.25
967,241.75,RNAP,RNAP,1.0
967,241.75,mRNA,tetA,2.0
968,242.0,topo,topoI,0.25
968,242.0,topo,gyrase,0.25
968,242.0,RNAP,RNAP,1.0
968,242.0,mRNA,tetA,2.0
969,242.25,topo,topoI,0.25
969,242.25,topo,gyrase,0.25
969,242.25,RNAP,RNAP,1.0
969,242.25,mRNA,tetA,2.0
970,242.5,topo,topoI,0.25
970,242.5,topo,gyrase,0.25
970,242.5,RNAP,RNAP,1.0
970,242.5,mRNA,tetA,2.0
971,242.75,topo,topoI,0.25
971,242.75,topo,gyrase,0.25
971,242.75,RNAP,RNAP,1.0
971,242.75,mRNA,tetA,2.0
972,243.0,topo,topoI,0.25
972,243.0,topo,gyrase,0.25
972,243.0,RNAP,RNAP,1.0
972,243.0,mRNA,tetA,2.0
973,243.25,topo,topoI,0.25
973,243.25,topo,gyrase,0.25
973,243.25,RNAP,RNAP,1.0
973,243.25,mRNA,tetA,2.0
974,243.5,topo,topoI,0.25
974,243.5,topo,gyrase,0.25
974,243.5,RNAP,RNAP,1.0
974,243.5,mRNA,tetA,2.0
975,243.75,topo,topoI,0.25
975,243.75,topo,gyrase,0.25
975,243.75,RNAP,RNAP,1.0
975,243.75,mRNA,tetA,2.0
976,244.0,topo,topoI,0.25
976,244.0,topo,gyrase,0.25
976,244.0,RNAP,RNAP,1.0
976,244.0,mRNA,tetA,2.0
977,244.25,topo,topoI,0.25
977,244.25,topo,gyrase,0.25
977,244.25,RNAP,RNAP,1.0
977,244.25,mRNA,tetA,2.0
978,244.5,topo,topoI,0.25
978,244.5,topo,gyrase,0.25
978,244.5,RNAP,RNAP,1.0
978,244.5,mRNA,tetA,2.0
979,244.75,topo,topoI,0.25
979,244.75,topo,gyrase,0.25
979,244.75,RNAP,RNAP,1.0
979,244.75,mRNA,tetA,2.0
980,245.0,topo,topoI,0.25
980,245.0,topo,gyrase,0.25
980,245.0,RNAP,RNAP,1.0
980,245.0,mRNA,tetA,2.0
981,245.25,topo,topoI,0.25
981,245.25,topo,gyrase,0.25
981,245.25,RNAP,RNAP,1.0
981,245.25,mRNA,tetA,2.0
982,245.5,topo,topoI,0.25
982,245.5,topo,gyrase,0.25
982,245.5,RNAP,RNAP,1.0
982,245.5,mRNA,tetA,2.0
983,245.75,topo,topoI,0.25
983,245.75,topo,gyrase,0.25
983,245.75,RNAP,RNAP,1.0
983,245.75,mRNA,tetA,2.0
984,246.0,topo,topoI,0.25
984,246.0,topo,gyrase,0.25
984,246.0,RNAP,RNAP,1.0
984,246.0,mRNA,tetA,2.0
985,246.25,topo,topoI,0.25
985,246.25,topo,gyrase,0.25
985,246.25,RNAP,RNAP,1.0
985,246.25,mRNA,tetA,2.0
986,246.5,topo,topoI,0.25
986,246.5,topo,gyrase,0.25
986,246.5,RNAP,RNAP,1.0
986,246.5,mRNA,tetA,2.0
987,246.75,topo,topoI,0.25
987,246.75,topo,gyrase,0.25
987,246.75,RNAP,RNAP,1.0
987,246.75,mRNA,tetA,2.0
988,247.0,topo,topoI,0.25
988,247.0,topo,gyrase,0.25
988,247.0,RNAP,RNAP,1.0
988,247.0,mRNA,tetA,2.0
989,247.25,topo,topoI,0.25
989,247.25,topo,gyrase,0.25
989,247.25,RNAP,RNAP,1.0
989,247.25,mRNA,tetA,2.0
990,247.5,topo,topoI,0.25
990,247.5,topo,gyrase,0.25
990,247.5,RNAP,RNAP,1.0
990,247.5,mRNA,tetA,2.0
991,247.75,topo,topoI,0.25
991,247.75,topo,gyrase,0.25
991,247.75,RNAP,RNAP,1.0
991,247.75,mRNA,tetA,2.0
992,248.0,topo,topoI,0.25
992,248.0,topo,gyrase,0.25
992,248.0,RNAP,RNAP,1.0
992,248.0,mRNA,tetA,2.0
993,248.25,topo,topoI,0.25
993,248.25,topo,gyrase,0.25
993,248.25,RNAP,RNAP,1.0
993,248.25,mRNA,tetA,2.0
994,248.5,topo,topoI,0.25
994,248.5,topo,gyrase,0.25
994,248.5,RNAP,RNAP,1.0
994,248.5,mRNA,tetA,2.0
995,248.75,topo,topoI,0.25
995,248.75,topo,gyrase,0.25
995,248.75,RNAP,RNAP,1.0
995,248.75,mRNA,tetA,2.0
996,249.0,topo,topoI,0.25
996,249.0,topo,gyrase,0.25
996,249.0,RNAP,RNAP,1.0
996,249.0,mRNA,tetA,2.0
997,249.25,topo,topoI,0.25
997,249.25,topo,gyrase,0.25
997,249.25,RNAP,RNAP,1.0
997,249.25,mRNA,tetA,2.0
998,249.5,topo,topoI,0.25
998,249.5,topo,gyrase,0.25
998,249.5,RNAP,RNAP,1.0
998,249.5,mRNA,tetA,2.0
999,249.75,topo,topoI,0.25
999,249.75,topo,gyrase,0.25
999,249.75,RNAP,RNAP,1.0
999,249.75,mRNA,tetA,2.0
1000,250.0,topo,topoI,0.25
1000,250.0,topo,gyrase,0.25
1000,250.0,RNAP,RNAP,1.0
1000,250.0,mRNA,tetA,2.0
